-- phpMyAdmin SQL Dump
-- version 5.0.1
-- https://www.phpmyadmin.net/
--
-- Servidor: 127.0.0.1
-- Tiempo de generación: 26-08-2020 a las 04:18:26
-- Versión del servidor: 10.4.11-MariaDB
-- Versión de PHP: 7.2.28

SET SQL_MODE = "NO_AUTO_VALUE_ON_ZERO";
SET AUTOCOMMIT = 0;
START TRANSACTION;
SET time_zone = "+00:00";


/*!40101 SET @OLD_CHARACTER_SET_CLIENT=@@CHARACTER_SET_CLIENT */;
/*!40101 SET @OLD_CHARACTER_SET_RESULTS=@@CHARACTER_SET_RESULTS */;
/*!40101 SET @OLD_COLLATION_CONNECTION=@@COLLATION_CONNECTION */;
/*!40101 SET NAMES utf8mb4 */;

--
-- Base de datos: `control_samir`
--

-- --------------------------------------------------------

--
-- Estructura de tabla para la tabla `abonos`
--

CREATE TABLE `abonos` (
  `ID` int(11) NOT NULL,
  `FK_DEUDOR` int(11) NOT NULL,
  `FK_SERVICIO` int(11) DEFAULT NULL,
  `ABONADO` double NOT NULL,
  `FECHA_ABONO` datetime NOT NULL,
  `OBSERVACION` text NOT NULL
) ENGINE=InnoDB DEFAULT CHARSET=utf8mb4;

--
-- Volcado de datos para la tabla `abonos`
--

INSERT INTO `abonos` (`ID`, `FK_DEUDOR`, `FK_SERVICIO`, `ABONADO`, `FECHA_ABONO`, `OBSERVACION`) VALUES
(5, 13, 17, 21000, '2020-08-18 20:51:49', ''),
(6, 13, 19, 19000, '2020-08-18 21:03:04', ''),
(7, 14, 1, 5000, '2020-08-19 07:14:44', ''),
(8, 14, 1, 40000, '2020-08-19 07:15:07', ''),
(9, 13, 1, 500, '2020-08-19 11:52:27', ''),
(10, 13, 2, 1000, '2020-08-19 11:52:36', ''),
(11, 15, 17, 2000, '2020-08-23 20:48:31', '');

-- --------------------------------------------------------

--
-- Estructura de tabla para la tabla `detalle_deuda`
--

CREATE TABLE `detalle_deuda` (
  `ID` int(11) NOT NULL,
  `FK_DEUDA` int(11) NOT NULL,
  `FK_SERVICIO` int(11) NOT NULL,
  `CANTIDAD` int(11) DEFAULT NULL,
  `SUBTOTAL` double NOT NULL
) ENGINE=InnoDB DEFAULT CHARSET=utf8mb4;

--
-- Volcado de datos para la tabla `detalle_deuda`
--

INSERT INTO `detalle_deuda` (`ID`, `FK_DEUDA`, `FK_SERVICIO`, `CANTIDAD`, `SUBTOTAL`) VALUES
(57, 26, 17, 1, 21000),
(58, 26, 1, 1, 19000),
(59, 27, 17, 1, 7000),
(60, 28, 1, 1, 10000),
(61, 28, 2, 1, 40000),
(62, 29, 1, 1, 1000),
(63, 29, 2, 2, 600),
(64, 29, 1, 5, 500),
(65, 29, 5, 1, 500),
(66, 30, 17, NULL, 10000),
(67, 31, 17, NULL, 10000);

-- --------------------------------------------------------

--
-- Estructura de tabla para la tabla `detalle_venta`
--

CREATE TABLE `detalle_venta` (
  `ID` int(11) NOT NULL,
  `FK_VENTA` int(11) NOT NULL,
  `FK_SERVICIO` int(11) DEFAULT NULL,
  `CANTIDAD` int(11) DEFAULT NULL,
  `SUBTOTAL` double NOT NULL
) ENGINE=InnoDB DEFAULT CHARSET=utf8mb4;

--
-- Volcado de datos para la tabla `detalle_venta`
--

INSERT INTO `detalle_venta` (`ID`, `FK_VENTA`, `FK_SERVICIO`, `CANTIDAD`, `SUBTOTAL`) VALUES
(78, 48, 1, 1, 10000),
(80, 48, 2, 1, 1000),
(81, 48, 3, 1, 5000);

-- --------------------------------------------------------

--
-- Estructura de tabla para la tabla `deuda`
--

CREATE TABLE `deuda` (
  `ID` int(11) NOT NULL,
  `FK_DEUDOR` int(11) NOT NULL,
  `TOTAL` double NOT NULL,
  `FECHA_DEUDA` datetime NOT NULL,
  `OBSERVACION` text NOT NULL
) ENGINE=InnoDB DEFAULT CHARSET=utf8mb4;

--
-- Volcado de datos para la tabla `deuda`
--

INSERT INTO `deuda` (`ID`, `FK_DEUDOR`, `TOTAL`, `FECHA_DEUDA`, `OBSERVACION`) VALUES
(26, 13, 40000, '2020-08-18 20:39:03', ''),
(27, 14, 7000, '2020-08-18 21:30:37', ''),
(28, 14, 50000, '2020-08-19 07:12:49', ''),
(29, 13, 2600, '2020-08-19 11:41:50', ''),
(30, 15, 10000, '2020-08-23 20:46:36', 'recarga directv'),
(31, 14, 10000, '2020-08-23 20:46:36', 'recarga directv');

-- --------------------------------------------------------

--
-- Estructura de tabla para la tabla `deudor`
--

CREATE TABLE `deudor` (
  `ID` int(11) NOT NULL,
  `NOMBRE` varchar(25) NOT NULL,
  `FECHA_ALTA` date NOT NULL,
  `OBSERVACION` text NOT NULL,
  `FOTO` mediumblob DEFAULT NULL,
  `ESTADO` tinyint(1) NOT NULL
) ENGINE=InnoDB DEFAULT CHARSET=utf8mb4;

--
-- Volcado de datos para la tabla `deudor`
--

INSERT INTO `deudor` (`ID`, `NOMBRE`, `FECHA_ALTA`, `OBSERVACION`, `FOTO`, `ESTADO`) VALUES
(13, 'PADRE', '2020-08-18', '', NULL, 1),
(14, 'MADRE', '2020-08-18', '', NULL, 1),
(15, 'samir', '2020-08-24', '', NULL, 1);

-- --------------------------------------------------------

--
-- Estructura de tabla para la tabla `excedente`
--

CREATE TABLE `excedente` (
  `ID` int(11) NOT NULL,
  `FECHA` date NOT NULL,
  `CAJA` double NOT NULL,
  `ING_PAPELERIA` double NOT NULL,
  `ING_RECARGAS` double NOT NULL,
  `DEUDAS_CANCEL` double NOT NULL,
  `INVERSIONES` double NOT NULL,
  `PRESTAMOS` double NOT NULL,
  `PERDIDAS` double NOT NULL,
  `TOTAL_REAL` double NOT NULL,
  `OBSERVACION` text DEFAULT NULL
) ENGINE=InnoDB DEFAULT CHARSET=utf8mb4;

--
-- Volcado de datos para la tabla `excedente`
--

INSERT INTO `excedente` (`ID`, `FECHA`, `CAJA`, `ING_PAPELERIA`, `ING_RECARGAS`, `DEUDAS_CANCEL`, `INVERSIONES`, `PRESTAMOS`, `PERDIDAS`, `TOTAL_REAL`, `OBSERVACION`) VALUES
(1, '2019-10-04', 6000, 2000, 2000, 2000, 2000, 2000, 2000, 3000, 'Primero de prueba editando'),
(2, '2019-10-07', 14000, 2000, 2000, 2000, 2000, 2000, 2000, 3000, 'Primero de prueba editando');

-- --------------------------------------------------------

--
-- Estructura de tabla para la tabla `servicios`
--

CREATE TABLE `servicios` (
  `ID` int(11) NOT NULL,
  `SERVICIO` varchar(20) NOT NULL,
  `PRECIO` double DEFAULT NULL,
  `ESTADO` tinyint(1) NOT NULL,
  `EDITABLE` tinyint(1) NOT NULL,
  `OBSERVACION` text DEFAULT NULL
) ENGINE=InnoDB DEFAULT CHARSET=utf8mb4;

--
-- Volcado de datos para la tabla `servicios`
--

INSERT INTO `servicios` (`ID`, `SERVICIO`, `PRECIO`, `ESTADO`, `EDITABLE`, `OBSERVACION`) VALUES
(1, 'COPIAS', 0, 1, 1, '100 blanco y negro, 300 color'),
(2, 'IMPRESIONES', 0, 1, 1, '300 blanco y negro, 500 color'),
(3, 'INTERNET', 0, 1, 1, '500 media hora'),
(5, 'ESCANERS', 500, 1, 1, '500 por documento, cedula 1000'),
(17, 'RECARGAS', 0, 1, 0, 'recarga mínima 1000'),
(18, 'TRANSCRIPCIONES', 1000, 1, 1, '1000 por hoja'),
(19, 'PAPELERIA', 0, 1, 1, 'Papelería en general');

-- --------------------------------------------------------

--
-- Estructura de tabla para la tabla `usuarios`
--

CREATE TABLE `usuarios` (
  `ID` int(11) NOT NULL,
  `EMAIL` varchar(100) NOT NULL,
  `CLAVE` varchar(40) NOT NULL,
  `FECHA_ALTA` datetime NOT NULL,
  `ESTADO` tinyint(1) NOT NULL,
  `NIVEL` enum('administrador','moderador','lector') NOT NULL,
  `NOMBRE` varchar(60) NOT NULL,
  `FOTO` mediumblob DEFAULT NULL
) ENGINE=InnoDB DEFAULT CHARSET=utf8mb4;

--
-- Volcado de datos para la tabla `usuarios`
--

INSERT INTO `usuarios` (`ID`, `EMAIL`, `CLAVE`, `FECHA_ALTA`, `ESTADO`, `NIVEL`, `NOMBRE`, `FOTO`) VALUES
(1, 'pcaravall17@gmail.com', '8cb2237d0679ca88db6464eac60da96345513964', '2020-08-12 10:11:54', 1, 'administrador', 'Pedro Yair', 0xffd8ffe000104a46494600010100000100010000ffdb008400090607121312151413121616151719211a18161817201f1e19201e201d1d1e1e1d1e1f1e28201d22271e201d223221272a2b2e2e2e19203338332d37282d2e2b010a0a0a0e0d0e1b10101b32262026322e3232322f2d2d2f322b3232322d32322d32322d2d302d3737352d2d2f2d30322f2f2f2d2d362d2d2f2d2f2d302f2d2d2fffc000110800e100e103011100021101031101ffc4001b00000300030101000000000000000000000405060002030107ffc40045100002010303030302040404020707050001021103122100043105224106135132614252718114236291337282a107b11516244392c1d193a2c2d2e2f0f13453545573ffc4001a010002030101000000000000000000000003040102050006ffc400391100010302030507030402010501010000010203110021043141125161718105132291a1b1f032c1d11442e1f1235262152433729282b2ffda000c03010002110311003f00fa6f52ea0b442c8666736a22c5ce60b40920700924e0695a3d28d97f1149aa3d4c92b7bc972b8eeb69e7db5892a0c1636e7111c916ae26bdeb143a95ccd46ad3b4136d3551747892ea416fdd46a69960e1f2741e60fda3ee69027ad77148db5515e0c10559581fea2242feea35d4fafb3d95202da598e53ed975a6c9ebaa230f4aaa1898edcfe92c091f78d71114b0ece715f4907afe6b8d7f5fd11c526ff53289f0382c79fb6baadff4c707d4a48ebfc56abeaedc32975dbd314d4c166aa144fc5cf6827ec275d5ce609b6d5b0a73c5b8249fbd50f49eae95a8fbd0542cdea7f095e47df19fd0f8d7524e3650a8cfef371406c7d49da3dea4cafc4802c7319b25a7064107223c8825318e6bba0eaac0f0275e02ae70ebdb281722bd1ea3ef24d33ed01dd6f7327f53c180bf6127ce7314671c975476527646bf3fbe156730c500491274a2ebf5ca614d973378055947ee580007f73f63ab398fc3a133b40f2bd4230cea8c4473ae3b1ebea540acac8d1208462b507e748b881f63c6390412518848424b9e1277fcfe77d50b44a8845e375695bd4216a0369f67209b49627f305190abe644e6716f70518f6d6ef768b88249d07cdfcb3a22b0cb4a36956e145ee7add155255af3185593fdf1dbfbff00b9c68c714c0cd63cc50c32e1fda7cab5d9f5aa4443d450c2416e11e317213220fc493fae099fd4b3b453b42471a8ee9c80764d0cfea106ac2296a60431b48627e526255720fc9263e98603d8e6da5267e93ae63e7f1446f0cb583198d35aefb9ebf4c08a6b52ab9e11518131c92580c0f3127c004900b097db5d9064f0f96eb43534b4fd422b4d875d4283ddc37e64562adf75b6e23f43c7df9d2ecf6832b1e23b27506d1e745730ae24d848de2b96e3d45dc3db4269cc166056f3f9509f23ee33c7c912f6312d80b00949d469f3cb8d437872a2524c1dc6b6afea4400d94aa3b0e57b45a3f331bb0a39273c624e3564e31a5a4a906601391d38e5552c2d24055a788a297aa05da8af53c24b851f88608593f9f024fefa61b5eda0286a26abdd28b9dd8ce62a7cfab77169a9fc35334c1831543159e03da495ff00528d5e9b6f0acad411de5cff00c4c1e466bda3ff00102970f4581060857531ff008adffec8d4510f66392425493d6fed4437aea870b4aab31e14059fec1c9fec0ebaa87b35d1f510399a53b9f5d5662569d3548c490cc4ce041ed599c441d49b51d9ecd6d43696bb7281e669b74ca7d51a1daa228e7dba8ab247dc2282bff8a4791aea51e3851e16c13c67ed1f8a33ab2d5aa5550b20bc80c9782a54d92c54da472d6b0881833c414c8ce93060d1dd2fa81a934ea2d95d14174f19917219ca92a60ff783aeaea3f5d5d539b4d98a35a5dd4b5a03d5a845ce0e58f7770599015712a27efc94803e7cfb57126a1facfa8ead3a894cab36d880d4d15886818821ae0d101a217ea19d5c3687da3b2b8d247967ced4c34d5b68c48d0e57ca9ff42ebe4a834ea8215092b5085083044a9238e090604f3002e96532fb26de21901947124c9350a09c9420efdfc00ca99ef29ed77c3eaf6ea880b531dd330bccb890706184ce27566de4393b3a5bfaa230f3b8550235d291b74fdf6da54532e9380aa6a27ea00ee5ff006133cf3a2c915a6311857ae4ec9f4fc7b57bb6e8dbbdd38f714d3407929605ff002a1cb34704fdf3e0f4939d42f1587c3896bc4af41f385f49a7dd7fa4d014529b875a29f4bd3c9a648cdf8321bf344c9fbcea14a09126b299c43a87369372739d67e694352b1692ed76aac54e4dd867e3911dabc49200810041d663d8afd47f8b0f79cce806bf3caf4c14a82bbe7fa0dfbbe79d53ed3681298a661801991f5126498fb924c6b45b406d2129c85a915a8a89275aeaaa14400140f030357aad0a3a4d0067d94f98b447ea0713f7d0fba6c2b6b644ef8bd5b6d51126283f50ef00013db4a85bf311d8c485431e249c191c1cce3547cd8276666dbc0dd3c26acd8d6623e5a90ec371511b0516e292ac04b23923f14bda00c89904ce0684cb4ea62121224480234be5ff002f4abb8b419924e7ef6f4a33a20a150d952990fcc1760a66085f6ee8fa4fd31186c6342618694af1b602c4136b5e72e36bd5dc71607854767d688eb94b6f4f0a9fcc6e151ca804c44a860324fc6618f8d5f10cb3214500a8e56d60e7e55569c72202ac3db852bdcee2a38541ed882a129daa089a771207d6a3c3411cc0cceadddbab480a023c368cbfdbf03e1aaed212641337bfb7e4d35f4e6f96e2869a21232f3058e19548392d630312488381a9c31206c1404c0bc5849d39c675ce804ed054f3cf9d38abd368b12cd49093c9b467f5f9fdf46532da8ca9209e428616a020135d9156d8005a31038c62207f6fb468b55af0ed90a14b4056041502307078d41be75d533fe187dbd752d4dfe307fce9fae09032adf33aca6ddfd19ee9dfa3f69fb1f9e94fc174875afa866388d4567a63a5504bd687b8e845aef55405b7334d56d13f7c401fdb5a6db89713b49ca85897dc7084aed1bb4f9e9a0a57d4bd3db8db542d4033d33c40b881e15d7968f0c24f3c79be59568358c65e404bf650d77fce36d6d5c3f87df57ec145914f23db3494ff0098b648fb0fec75d26885dc23572adae03e47af4a75d3fa7edf650f55854ad2076c7f2e41e01223122e3933022634271c4b69da565ca7dab3f118a7714a8c86ef99d0fd53d44d019aa0446b82586678e5412c607c01139b23554879c5786c0722143d08a5c25390b9f283ea2a67a7fa92afbe2951a6e8ac2e70cc44803ea0a8405b800b20b7231a6032861a2a52a40df78eb565b5b49da91331037d5a54a14eb7b016d2a15425a407404092a477ab0fabf290a27ef5290a17a5c122bcff00abfbdfff00b27ffd9fff005ea9b2779f4fc55a780f5fcd74a5d489ea3568bb767b61516704daae71f2416cfc2e89472c7fdb8746f20fa47dea47d59d3cd262eab0d45c3ab162d0b7050049249b4a341fc87e564385012a530a8820c01a0de7acd74858be4ab13c74f2815cbabfb358865528485a8b56935ae2720fc1cc8990d830746c061310a6945b502524829395b719b6758e9c42f0ead8396a0e55ce8755a94d906e9e6f23dbdd82e43c1c2105c2d220fd8019900cbe84e3487c929f0ad3a1b94f18c8f3ad365e4a927632d53af9ea3e71ab7e89d69aef66b03702143726493dac6e3988fbe733ce82d3e42834e595a65278c0b0ab2db91b69cbdb85f3aa3d3541acd7575694a8aacdaaab3cc0027fb6a6ba9575cea869914d30ec24302246780a410498204fc8e60c01e5a80d940b9983a031ad11b4837564239f4a89df75bdbd2705ebdee07856701ad26d240304542032899e79c6ae304b72492723eb1ec45a8a80e287813bbd27e1aa9e9dd645aaead7d06308727b15ac91024131c44f67127155a94d195e5e5b23f934209dab0cfdcd4ff5eeaa452dc574a8b7859465232188a60942219406041190c8b74888ae1425c7c93120c5a418dc41b7519f0a2ec13b08d0c6ef4fc523a3e93db5a82bd4735aa892411009f995339312c7267f69fd7e297b6b653e0467cbe6eca90576a3a15fe3002774675dfa1d6ab4d9e8b312fb6a9878e55829a725a70bedcdb930d8c2eab8b5214da3102dce601c8d866741ce9f688700291650cb88d3809bd11ea9ea553bd918df59d69d360b6c1660430fc486da767777493f94ead860953ab715fb64189c85e083a8d08ce6ba004a42b28da3e5a73dd422fa3b6849a5eeb9ad125a05b3cf11fbc4cc79d54f6862823bed81dd931f3e4567ff00d55e9b01b3ba28df4eef6a36dd4d4706ad2a8d4c16613fcb2ad205a4b34b0977c4227e283a9c7ec0d97440ca264c4ee0333ed5a2982a2133040316dd399aa9def5c660591d45345bfdcca860aa19b2d80324c7c279071db4a5ab65bd35cf2374f0341090912af2e96352b4fadeccd408bb9b406b43b232a812cb2588c0f6ed9980cdcc0d5d7805ecd8919fa993f81478740da522df81f09ab1e85d598b2d2a86588904912044804019e09079208e609146d6bdad858bdcce91260738a029298da49b7ae59f2a7d569ab08650c3e0891fefa62875eaa80200803803515d5eebaba91f5eeb4699f6d3eb382c7859524791998cf198c9c6977711b0a0848956e98b7026dd28a86b686d1b0df9ff00350dd43aa54351a950eeae3352a33ba8dbc08259d6a10d811067c8377d039b652c80f3c6559081055c2058f3a971d4844aac9dd9c9e1359d2e922ee054a80d7a953eaab558fea4aa19b408273910400a34e6298c4270ca75676408848ccc98b9eb596ee354bf026c9dc3ee75ae9d290eeaabee4ae6a359445d690144893880d29fa59f240d01f010da58b49d0ebfec3cab5108eed213feb9f026ab3acef7d8dc6d28d2247700eb3328ec105d3ce4b104e657efab2521290919511a67bc438e2b4f727f13e754bab52b06be7febd534b7095448b95482390cad05bf6054fedaead8ecf5a14cada58b48f581e99d6dd4774bb9a22ac531553b2a820c12621e382a42b0cfdd64c0d2d883b10ea74d00b9dc277499a55cc32995969591c8e9cf9c5aa63a453866dadddc859b6ecd8f76996323f590581f9bfc69e4e2ff004ae7ea05d0ab2a3423235938f6b6c077cf81dfd453ad86c3dc5ad46aa304600f72c4364483c13c647e5fbe96ed7c532a75bc461940aaf31c3291e62b3da5adb2140dc6543fa4b78f5b6b6bdcfed31a60aba8b920112a518bc4c089c5b3f26d8f6c947841bde0183ca6bd114a50e0361226e263a57d33604fb74e4106d182648c0e4f93f7d7036a58d2fddf5fa6a4a202ef988c090623e4fec0ce07e21215be90605cde00d48d277d5d2d9373616f5d6b9ecfd4b4da2e0566d8cdc3bbf4181f7f23fb6a062504c191f4e633dacbf1cea4b2a8917cfd2a6fd65b860770d4ce4532432091840d93f9801702bc1443e0c4b5b2717062606a66388c88f51d6ae91284ccc4f4f3ce92f45db6de86da893416a9acb739683004768044626231c193a206b138dc438842a3632196bc39675978dc4b85e5026003006e8ade85b4eb35053ff67ac9eed104901584abac7d4c48245a78247112284add6141c10b4d8da4f031a9fbde9dc33c5c485ab3060de2775fd0d13d4368f568d545b99aa21c5e86e61f496b806fa960293780065b2a47867149786d1cc0b1502645b28f38f21a3261236868741d73a5bfc58ad4e9d49c3505048f95bd587ec413fb8d6ef63369421d68ff00b1f22047a579fc4b65a74a771f9e95e6d85fbddd1c4cd102672d6418cda0823ea3c48f176b0a08c1b613337c881a9d4e5f06b5b585003489dca37bebbba574f54d3b2bd22dcaeee996924b4771966fa58c0e63123fab446828a5e06723a83a69a81c0e5d6aca82d98d527e7f3ad77a35ecabee370ad51d8fc4072dff00a7efad4c5a53ff004a4213a8401ccc1fcd79f4a4a9702bcf4f527fe190bdc0d42d5880f4d41b89604120956b002a5b3f00649cbc52a1d4b69397fca0c01bb5f3037d7a3d9036a34848b4e56f999af7ab9f79a9eda6d1549a9b860c62ca724021b2b2c4b5de6e59f81cdacb2c1748f1711793bf7c6fd4014275deec158d200d449f84c6faeafb4dad756a4282d35542c95000184467891c83926732354798c6609287d6a92a3719f9e9e596fac96b14ea17b61449d78d6be86acc696d8b7e6c5c3b400e5564f33db683c0f6e98fc2482e3b646250044c9cc9dd78035e26c3ad6f38982e44c70fb9e7baaf377d7e9235ab2e6e00c7191320f07f4d554fa42b6333205b49bf9409a5c36a236b4b9f2ae3b5f52d3217dc528584c8ee11c8f01b3f61f1e184d538a49faac626fa098bee9ab299232be9d69d83e467e3efa62835f38eb7bda9b7dbd5a88ae8e7b56ea8a6d2cc14b5a69862c27eae098c9e343c136a52ced8224ea67cb772a64252e2d28047411426db6029ece82d252c2a43d4650497256ecc49898e7f28d7609f6ce3d4e620c048313a4181f7f7ac4c53aa71c513ca370dd40f5a76a49ed44d6ac0814c1ca2412ec63c9008c7e10da71ec6a718e4a7ff001a2f27f71d3a0fee8b806255b6721ea741f9aa0e8ded6dd5ab31575a5d948099738b3ed22d2c4e792d1c6b3d07bd754e2b491046a35078835b096d6e10da7355e7f3c8d0fe99a8fb9df077c90c5d8f836a88b7e0062aa07f4f9d315a58bd8670a5946f039e449afa4ebab0aa57fe21ac51a4e2252a627cf6b18fd2547f6d48314ff670da70a7783487648286ed5013edd58489c94abda04ff4b79e7b47c9d711069fc40efb0a49cd3edf3dab9fa9ba14358c4ab062d4aa020b025988802241812a23231183a55a70618f76afa0cc0dc00133596095f885ce441d64d2bdc6dba9555f69abd3b0ca965225c0f80ab7b4af705001613ce74cb6c6110adb48bee99035a021ac3215b6106771cbe73a71d37a70a6136d448a9712d79c7b8d6c872ac252d00af69cac4ce2e5310f7ea4eca4020f971122e1434fcd312a0a2e2cc1f6dd9e62abbac27b3b65a74ca804d84b1cc10c4c64099cfc0138811a23bfe36a131a0b98b659efdd414789727d04fa6ea82eafbbae2a8da6d8057750f519829b41259626e552b27bd664329193a33686b0ed171c274e64fe7de2f5652d1b05d77216006fce39571dd50ddedd4d57ac375481fe6a8fa9618924132704b4e7f1348c96146f16ce215dd94ec9394ebf34a0358969d56ca53b24e5790781a674eb0aab2a7dc0012a4aa5a56599cc12099257b483e71e34a14adaf009f0640181b39788906f6274e14d59573ad8c8bcf016e548f684d26fe11bc12db7248ee53f5533930d3040392478b975a987c4a1b7462d0652442a2f1b95f9acfc7e1d4a05cd47d5f63d75e35d5ea00fb67922ddc9a61944b2fbaa035a23ea1931f278d1f15b0714a28365202b9c189f2a1767cc2d3c3d88fcd55d3da5d459a143536ca7b42a30ba06498054418cb2c039c00b868052df8206c93648dae97d7790456a932bf16a3531d6da6e9a99d8d1a49b87a150c53626bd2316800ff894e0cc2f6f009c20326e04bafbcea1bef99b48d955b4d0f3d2b3f1ad6d243833163f63f6e82bb7a2691aafeebb40ad55ea10df495932a719c23f30200e20dd4c4a521c699b4a46b336d40cb3d4e5a6b5a1b25b4917b009b6fd78e7bbad15ebfdb8a8951e9b18641554282200ee25948104d8fc66798820ce1d484e2b4f10e327ec6dd7a49a86952949bc03d20fafda95f5374ac28a2121b7403d5233eda7d4e140132cc09f32563c806d862efd2e1f0b520713f781973acfc2b05b714b57ed30389c879675554768a28bd4ec5121147b217e1a50a973204899f065b008516a2a42dc5441b00b4c01a5f5bfc1a568252029291e867f8b54bee5e773b82647b74a952374768721d96782a3280f958e75a7876d3de30d9b0927ff00916f2a431ca3dd0e2547dbf26b8efebb66853ff1ab0b4cc7f2e9fe22648cb62166600f2c068b8d7dbc43a1c9ff001b7ae8a57e06fa0e030f7ef142c0db89d074ccd38a54851a42015014aaf6a650028f749999b4dd68273fa9c72eadc56da4fd560265246672020c4e64eb5ac5204856973a193ef7a5c9fc46e8bbd1ac28500c47ba466a98b4b0e085891123ea6992480c1719c180d04952a05bda78c52ef6250dabc636959c4c0137f3ae9b4dc6e69d75da6e98545ac494aa064b1112c400d53122d63cb0cdba302d629adb469983a1d0fcddc2ae871b7105d6ad198e7c7e74abbf4d33353a94dadb40c00c0b0bee904ab158f008f21b989d2f872402926638c9ff00f5c6b9d89077f081d2a7baa74e019f6d50009500f238b8d953b5658a00484c2963c71709a3fa55ec800273d6dbca89f2028a495c281f10f9000f5a9ea3b2dfedc3250ae9529729760c1300d8e2e4b8f0320c122449d3aeb7847e16b17b6569ddf33a13ade1dd56d389215ac6b146748e8ac6a302fef57a921aa131e090127366019f200c0c285dd792b86598033e100c2873f93440025331091901a12241a63ea1a65f749b64636d3ed04e4cb8f71dbe2608c4476e8e8404808190ad3c0ca1953ffb898f9f3414c7d09487bdb960202da8a3e002e3fdc22fefab1a571e210d8e67ceacb5159b51ff00f12ab451a63fa99bf5852bc0c9cb8d4d68f6659c52b724fda95f42dbbeeb76af69094ca927f284ca2fc5c4e48fbb7da78dccd398a58c3e1fbb3f52bd07cb79c55fee76eaea558483fb1f9c1191903fb6aaa48524a4e46b0c120c8a555bd3344cdacebc400476c08c48927cc9260e74bab08d99394c647fd728f6a207963d7d73af13a9eda8b32d35270589482244f6e5b1804c6144cc89d4975a412071361bb3ebeb5db0b5004f017e3974a13acf56a7569c0369587ef55374acdab322e861f622e131240dd750ea080771b89cee04189262ae84290a92378b18cb8d47f52ac943714f76a05a01a55d42a29227fc45a6ae4c03018c0fa56064906b6298ee859598073e445e2684f325682df190742774f1f7ac67b2a16421834b29fc3511a481f71063ec46b5f0ed358fc106d4216811c52465e7f32ac254a557a13a054f66b3d10032ab87a4194b5c950065063f0a9027eee7f438f88254843eacd320ee045944f4cb9d7a1697dea01ff610798fcd8d507aa7d3a9512f42decbc3a32da0ab392560112000440038c12391dde298517265273926d96420d4b6a26001e2e59ef06f527bdea9558ede855cd5a7b8a6c2aac77a8301b3f8a6391fac104698c3615095a9d68f84a4db7647cb7551ac2842d6b465b26daa4eee5baa9ab6ecd3a21930a1fb94190b2b0218193284ae63c4e4ce95c382b98540956902c32e209fddbf2a0e314a4ec91c359f3fc695c7d4bd02b56a45a9d3242f7536b8409fa9330730012405900dc62347c224b0a2981b1a5c93ebc771e94ca5f1214abefb083fcd1bd3fa4d4a3b66b6c0c68c040d2cc312d044435ac62672dcc46b9682a5a944d8e91f7cff00140755b68222f7bf3adb65d3ea56db52042b45c569bb90cea7e20139b4e49932c7c49e7100ac16cec804988191d38708cb2bd0d8f0b7b2a14a3d2fe99af4c339499369704101019c81921a03102e3f4c8044eaf8b2a740426235b91ce235eb4da9f0a33bb7467bccd31a5bc2e2b0c8a6a42813e4312aa4b181925a7e6306634abedf76cf855681a6d4006208d6d9eb4b6196a71e255ef15323aab51dcee569a4d4abed0a726552d4e4b1390a08827c09279d34fe152f25b24c244cfa58515dc3778841598036a77e790e3ed543e96f4c172c59d9af3fcea92b93048b645c3910083e4e380b29cfd4101b3081b8906da65975bd15476041116b08b01e79f49a5feafdd7baded510abef32d34842b0a48378fb5802b71f59fded875276d6f9c9234c8c691bc2a4723512109f169e223dbced5e15bed44fa40b690f0aa07d47ef1dcc75b3876d180c31c43bf59b9df27248f9c6bcf2d6a5ac93ccd6ebb9a7b9dd0ad86a1b652abf41f71ce0b58ccb722e098f217998d62e1d1fa564edfd4ad3d85f5ad9c332a6db2939aa09e0349f7aaee83d429d39b8825d82da88a0ac122582c76927004c67ef0261c4a45f351cb66089d08beeccd30e249cb41be7ca8dabd636f5422d4460af9968016262486f30476cf30798d5bbf65c48072326e2d00eb3e9355ee96826331bb8eead93d3b449bee620b5c002208990bc71989198c4eaff00a646d6d1ce76b3d465d05477aa88e114cb67b3a7485a8b03f524f8f2493e07f61a2a109427652205514a2a326a33d63b47a3b95dca89562a67c0602db4fc065020ff009bed37e35afd9ee25c68b04c1cc7cf99d6dff0f7721ab6e009176403c8b5db9fd9c7dbf5d750fb441d86e73123ca2ae75159551beb5556dc505a84ad30951988e6145ed1f784007eba9ad1c138a69b7148fabc20759a33a2f5ba22887a6965157f6dd704d3263be7f183224f324f307555282449a5b10cb887365573bf39f9974aa6d4d2f4a3d4bb92b4c221ef73c490607c47ded1f7ba20f04188594a6066721304ef8e3446d3264e4384f9d7cff79d52a8ae36fb355a8ea2e6a8e090b2b316b4d8555ca3648375a412346436d61da2e3875dd7277ee9f29ceaeb2808ef5d30320066794e95ed7dfd7a0817794942400b5e89306c475a6b53c812565c470041c902ff000628435f50b807dfa4d0da790b3fe327883991ac7c9a6f428b33155258b12bd8485a8a0d4b896f70483118e63fbac94ad2a81f56832da023c4a806fef4651494c9cbdb3b0bd4fd5d835117501eed0fa9a849069fc9a0c58b37dd79f90670fb4f070f788514af298cf81045c71a062184b965d95bf3ff00ea3df3e742d4ea341ebed9e831375334190c5f223db07c197b4123188d55b69ed9752e8124ed0dc49cff00aaec334e3685257a1041191d0c1e5d6a9ba8755755a55d0c902c70d0660b3aab09cac35a09f20f07204c1db46d951b0378cc8e1b8de0e96a0e28290e4a474a2773d136f51159dcf64560ae400b10f6960241810cd041823246186d3ddcec937de49f7a31709cad68ae1bdf516cfdbf6d6a210148b2db4dd027368825a64dc041389191975253b424f43560c2ce94bfae7aade83353441eedb0589054031c0b660ac761c0fbf3a1e1df2fb616044fbf0a68604951bda81e9feaaddd41fe1d2628216a312b67360e6d7224c08931e7460950d7d3f9ab2b0499cefb856adea1ddd0a481529ca28415812c460859174060b2016198f3ab10adf6f9c6a4e0925645c702288e8deb077294ea202d314ca305893859b4919e5864f99d096b2d20a957005f7f965547302acd269ded3d43b5a6cc952a535ee61516c9bbbb2300e23204820933319ab0f6db616445a7234bb9865209816adf63d136c66aa54b4d6f220885ed86b8704ac9500da649c00415c01e40126381228616a4913a75ae1d3ba9b3d46732894415a63b6549069af2402f9b98fd8cf802ae4213b724c6d48dd1973399f4e6bb416b77854f54ea54977aaf59ac5a34d9e0e4df53f2f9334ca1fda4c6a859757840845d4a224811237f09a6f10dad6d14360c9311b80e3cfdabdda6d5b70bc350da91e48356b01f9bb8594cfda01f174c861d74a7fcafab6d4370b279003d682c6192d1b4156fd0729ccf1a7efb7b29a80a55025d4d016640a51e489a970fcd9fd71e739c2a5aa54249b84e8a122f7162269b4c0c8f33a837dc6e2825ea759aa326d116ad447eface49a48cad50028665c9565313008101b3a61286b0c369e5493e66260f95a684ebc84805761a019ff5235a1286ff007146b53dbeed69aab8094eb2602e6d049105954b136f6e5ae69e746018c5347bbd3423cadbaa5a5a1692e324db3073e7577e96dce1a91381dc933747e849b71698e7b8f3f51032a209428dc6f20923791a70a870030a1af081caa834c50a91756eb34c256665ba8d2363c807dc638b00388122e63fb713ae4a8198d28adb4b52c24667e4fde90fa63db1bd43467dba945982b1929dc54a93e406a783f046a6b4314b71587d976ea4aa277d8d5dea2b2a9775be9b46b20f7bb429957bad2bfa1e3f638c0f8d4d11b714836fccf43487daa4a8bb6da24a96ba4fe32220f1f488525a008550246b2f14f7ea3feddabce674039fcdd4e24a81efdee83f8f9beab2853b555666d004fcc08d6a567d27f55ed6ea61809b4f165d8681fb0f9f07fb696c4825123420fd2153d3f17b515a236a0ebc62be7bb7dcaedf7755eb12296e442d58616b72412648c93993f84c9ee2098b6d5886525bcd378dff003750b12d29d69294dca26dbc1d4577a8d512518dc186558964a8bf604c10479191ad56b0f82c7b5b4d80858dd6293f7ac5da524cd0dd3aa0a2c28be68559f619bfeec82c5a893f766c1f92a7338ce79a2e0521cfad244c6b9104703ad6e3188ef13b63ea19f5b6d7e78f3aa8eadd4d1d15dd7bf0acea1c4439b4059c93dd899041d2894f7e45bfc995a25262604db2fc0ae75dee38a4fad2eafe995dc91545544ee95af7c3b1e541905490002641fb1d36cadd4c851f0e9633d78f4ab0786cf835cf774a3b77ea1daed9528dc57dbc35255278760608953240c93db1f20811b62f178f9cab90cad7602a49f71b9ad4bdb7aaa887205bde50e543b289222d20124f18889b11373e55a4ce0e7c494cfb4fcf914937fd31e8aa9214d369b5d32a6391900823f2900f3f0756a692a03c31146eeba390b224ba801864df0a26d924ca9045bc155119c1027bc4b497943fc6a983bae62782b30779be869063169ef96c9379fb6439537a3407b7b5448efa4ad3e2ea84dc7ef103f650353897034d951d2b4f0cad90a5eb6f5f9e945d1d9015cd17cab2b2927ca942c09f120819f959d0b0588ef9b0bf3e7567cedb409cc1f9f3854cf4be9d72ad472541820090409fae410401ca819240f1926d975d0b0d26424193a4c7d23793ae80677acac662d2801bda82a8f7b9e5f050db4e9752a3b5300764fb8cc61500304b13c0907ee7e3574282d2143234f15802e3a539d97f1342994a159096fa54a707e69975856e06429388cc0d4c0999a03b849f1ad103e7cfe6a9fa47aaf6ac9ed97600d3b4d3653dc4219cfd3e01bcc1111c027542b8baad598e61d68cc5727f482d3a8d56ea6e67f13c9a1f9300400000b3dc44083a975c776025b81ce72e95c977c3b2b36e1f7a37a5f51a4acf514172b715a8f74dd67682248c8b8dc4f0311a54b61956d382f682a89bd80b09f3bd0db7cbc4a502dac521eb9bc351da85336b34d4dc54519a68d7075839b9ee18e6190799066125b4778a1e251109ff009102c386fa23ce2509da3702c3fe5cf809bf96b5e50ba1695205547d1490c7eec47d47e58e3f4d6bfe8f0b84417b1642947326f7dc91edf61582b716e28a89eb5c3acd45dc351db536f70d137d6aa2582f8201124f9007c803c18c8c220a54e3ea1b215303856ae09b53414e2bf708037f1abef4a5024bd5389c7d11326e264927f5c993924e84c4a94a59d4ea98cbd4f5a65cb009ddc67faaa2d3342a94f6d699a9b7aea5a93e4c4ce3e9a8b193f866320a8c6b310f7e99d521dfa5449074be869e014b4a5c68f8931e9ad33f4ff47db5105a81be45b7dc1a00e14461471803c0f81ad30644d2cebab5d95a69007a0a71aea154ff00aab66bfcbac077ab418897586364f23390411067c120a98e0d775b4e890237ea40d28f87dbdb8418269c6cb6b4d04d35003006792df124e4fefa650da5b1b2910385094b2a324cd2feafd60d33652019c61819c180540e24c19819fef206b78050426e7512240dfc6ac96e46d1b0e5aeea98dcfaac8628db9a60fd0c094183c93700037e121a08f2a26447758b299113074b4e87a8cf75102506fb26273e1ad095e9a55055a00a9692acc6c2b61225d98932555863f10fb69749ee9708f05c803f6c0825568bc1d4e91569da126f91919ce83d34a5157a256a3028bbaab00c29381511ae312158028bfd50c7efc4b071082769f46c9de0c1037950b7493545b48773015c4595fcf5143f54a95de81a0fb4a6d2651b6e737c7229c5e6448260627e34569b4f7c1d4ba498c95791cfda84d6190d39b69511a1046635122d543e93ac772b50550ddaadefa11dcce20e14e149560648f246acb6761e2a07c36b719cf9e515678263633e3c375115eb0a23daa2526d2c88cc4124123c1ee9ed3919e4e2005b158a2c91690733bb89f5d4655387c38583788f5af9a8a81daf73379976f2413933cf13a6c08b56c86c21109dd56cdb40772d4dc900bb11063ea9658f07047da71a4f1ee38db6568cede54d257fe1494da0dfd6b4abb70beed0aa7b0daf3c7d2ebddf695b81ff002eaa8c57798652d22f06dc6818821690bc8e47e729ae40dc24f273fb9cff0079cebd9b38742184b244809039da2bc1b8e953a5c06e4cd760ae2925703b52a10231764963f605c15fd598f0401e5b15834a52b612a9190e1c27583e82bd8f66bab75bf1082af7179ebf7addd8d4fe22ba89455883e548863f3f4892392ae46099d2f81c3290c06e7649ccee937eb16e746c5ad496ac27331bf77ce343db33399e4fcebd9b0c36c361b6c4247cfef7d78775c538b2b51b9af6989508996ad56f7fd42a60fd83176fd54ebc7150c330a0afd8543c8903ced5ee304b0b1dee7607a9f86bdea5b1b5c5242599940cfe66240c0e3ff4fefa0767bee3e0a9594da9e4b8765657711f9b54d7a8153f89ad6c47bad1fac998fde75a46934a02910455af49dfb54a54d2ab2dd5109224967502462e005c4a9fbce21a1b493788db74b4458489de777beba6559588c3040241e9c2bbfa8826d76e8c80fb6430b272ce08549230e0b111890093a654d171c499b4de75b71d440a032123c22d3aeedfe952fd2b71b944a80ed4354aad7d5a95fb664920fb64062264e2724c71ab62194add4a8b8447d2067c4cefa9c461d0e2a4afc22c0013eb95e8aa3d237158fb751c85630696dd45356c5d20da4d411c82b3f7d2e310d4ed3492b56f2672d26e01e71564e1db6b211c5573cc0cbca699ec7689482a2c72ac11492265a41370656215479e47db4bbce29c578bc47fd742240854c8904e8749a30ce67a9cf226d91820515b7f56596a8dcd2006156f43f5721893f879ee20e60c930180ce200f081026047ff23a6a47955084abc506f17f7354bd2bad316095a0130034104926164408ba7c851fde1612f14ab61c806d171e23ac0ce2a85008da4ff5baf4e773b64a82d750c39cf83f23c83f71a3a92950850914304832290740d9536dc55ab061216906cda3b81604f74b0f93818f2654c2a190a596d31063ca27d68ef29c213b666d3549a7297a41ea90fd8490294c5df919a45edfd20181f72679908e39953a909984cf8be7cbc533867020931262d4f154280060018fd069fa5abe69ea0de54a7b7ace400ed03f0dc03b004ae7dc522480e399ce6343c10ef1649233d0c8f607a654c84052d28fb47ce7426d7a4eda86de893412b1aab25dbc48040183183803f293a8686231b885210e6c4642fa5bfbacac4e35e52c90a200c80b450476ad48ddb4b8724ed9ccab60e69b73702660c1240faa2dd3389c3bada0a3160149b6d0d27fd87de8d87c7852bfc86ffedf91a8e39d52fa5fd469510a3f7d19829501765214102d24800100011182470613736b0ea3de1949933bae2065c69e2dc9000f15bae7706b5eb3be557295e8a82721e9c89907b955d985a79810713c831c70e85ed15c0b89bc13bb98de26dba9318a710a093d3e1a27d4fba5db6d58d0434ed216930bc7260890c0995249e2d9f920832c5a2627747cca98651b6b0057cbea07705dee79fa9cc907e64f1ceae04655b480840d911541b4db53a94d49446b9573680640b1bb96d6fa95bce8b81c0a31085f8d495254458da331632323c32ac2c5629cc0b81081e1f937a75b3db5c29d3248612b4d899b40048591048041c192be1b52ee0de6bff210a4efc8f95c7a8e54c613b4838ad80209d343d6dd2d6f4ac5dc545ddd3f754065210fdc35ca0f1047772398e0191a470f870c121391f4ada08da694419cb98cf3e86bbfa83a52d2fe65216ab1828380c782a3f0fdc0c62793ad5c2e316db896c990a31c8c18f688ebcfcf7696051b05d48822e78fcce8da2d4ea6d0525930902149019783311c80639d65271084a4070c2b50739d67ad3ffad6198f16511f6cab3a4545a5b7ef5652d2cc0a11cf009880600193e352312ce415955d5da0c3ce1d956797c34aba0f4a158c3e69a7e118bff283e6d8f1e620e0eb4578c78210c9b1094956f9232e917de4f0be661304d38b53a6e24c6eceb7eaf5986e80a48094029a281fd24e00ff00371818f81acec4b1dfa7bb26d5e89b400d6d6427d00d3a9ad5e8bd172a496aeca18b02256eb81824100c2c4da71c5a39698c0b8a4ecb3b2948d4c98e435ea6b2b1dda296884107801f73fc7014036ca9d3fae92003b89b4130bdc482d3180788d131b804b3862b2b52956034124c0b0f3b939567b38d7712e86a21273ccdbe5ac054a0a0c3b8098cdea31f73238d0089115be90d84041d2d5f44f447516af4185506b3ab0424963da4489eec492dddc098e0802a9b12278f9fce7591886bbb5456d4773496b1a3b7a179b8a8ba780cd00052a62201b8998cc01a02b0e800a9313391379de05e389b52abc539b5b09e5d3751bea0f502d1a44295418355a9ab2167ba18a4104f00f9244e601d41db78f76c9de09dc4116f7a71b4411b424da06f066a3fdb7af06b974a51db41603bae61aa1fc208311e40103171719616a2518503332a39026e40de7d052788c606ec932adfa08dc35e796ea69b5e93b5ae1a90db2d38591514cb29e0492013e4c1906d3a5b1c8c4e01495a9dda9d2fed49a31cf856ded93cf2a13d27b967db7b6489a750aa10124880d024877b64c28c0073c01a276827c3b493196bb3d260c74b9cab714077b6162018898e9f22beabb0ab752a6c624a8983398ce79ffcf5c93201df499106293f46461b8aa10834d49576f0792aa3fa90983e227c9c2787694879c5032927c8ebf39530e2c29b4822e3daa874ed2f4afd4359453b27b999481f6560c49fb0039f923e749e3dc4a30ea9d4479d31864153a234bd77e8c08a14a7f22f3f1189fbc46996b68369dace04f3a0ae368c6549faf6c0432ba96a0dca2dca992041b3920c47d398e7c554b2d2b6ce5e898f535648dab0cfd4d471a35a9a95a0c95b6e648a1585aca01c5aea48625b200248f810620961d58702b65622e379ca46f3e7bea8f6192e1da5820dee2f3bcc7dc50955dc037ed374b042914cad5b58c42dc061b8c124f1ad2fd5628a0a0a90a1ff002044f38b527fa013e158f51f6341f58dd96abeed0db6e69d53db50352857c4f70190dc1e3e0e08074a6170cb4a0b4ea9253a5f2f3d3856861595a06c2d698d2f749e1c38559fa7f709536eeecb666e55ae22d0000c56e001375b738e41c413884b7ddc899b93e66a8e19316b6ea92dcbd2adb9a8f4e4a205853942f85670a7104cb0047246224190664f956a60d89d94ab5f6ddf3da99ecdb72417a6d5080620d4bb8f16b18e3f7822349b98f6da736166fcad5a4b4b3f414911f37d6db3a01ccd2a590c4bd35b61670d68622012a0dbe0b38f89d3c13a1b78b9fb5404f3191f227d2b07b4f06b70008bc65cb5f61caf5cea3bd2742d4d94a306170e79539048e0918f9f93ad0c4e25b79b2841f168329e026d313afa565b0c3b85742dc1e1d4eefe29cf51a94f72a2d911c3812c0e090a0483e2499598e4f1e79ec5845922fc6d1ce6f3c2b4b15da3dd1d96ee63a41f9f7ad37deddaceea1d710584b306020ab9ccddc4711c0c1d22db8fadd484a8ed4daf919dd588b79c59f128fce14174edc885a7504108156a4716e4b7f49f24ff004cf131a3dabd9ce30b2ecca547d4e9f8f2e6249072a27a86f02342a867258968c4191693e403e3fa00e41216ecfecf731860184889fe389ae2605eb4e8f493db5b545c0aab1b7bc9fc4c58646383888fd06bbb454f378a5eda8cdf5d341e5574b8a4dd248e468ad89a7459ea125aec9a8c0dc01388c415981204fd332322ec6327c2e083bc56d613b494b21b77a1fcd2cadba6a9b86a888cf20280a270a3c9e06493fb8e4104fa0c23e865b876c4dc08320684ee9be71e74a62db7312f4b4240b4e95d7794a16fdcd22aa442d32cb2d99209526060027c296f3a5f1cea5e5200fa4493cf21ee699ecec1ba8599107d8667ed5c370fb9b2f37534518546f6c01e02a820fe939d647fd41a5381b4993c3f35e89b4b281104f1fe2693d734d2ad2ad50314f722aaa98f70086cc727907e45be64970cc4817a5b18c41284ee91c387cf7ab3ddd641b43510ab9306692cb3aa996b954495fa441e093f48e2ae23bd4944c48cf756220eca818a86db6eeeadeeee36db9745334a98a6580b8e0b13171e04c660780068af30beef6195013999bfcdfad19e6d651b2dad37cccdf90e1ef4c5f72cc5986d777f567dc0b4c066e033b02072009f11a2b2fe2996834952001b81279ee9acdffa7dfc4b1ea7ed5d8d2dcba1a6d66d29c1bd1097acd1f529638048e189031cc03a49619ef3bc797b6a98bd84e6047b0cb8532d615b41982ad6e20738d7e4d527a7fa62055a3403ad199624b32b60196524a5c71c1238858e2bde97d4140db7dafa14906e2995c824aee7e411a558fb70b0800810a2303e347a0524f49d6508538261803c916aa9fdc119f891f3aceece725b2857d49267cf3a6b16985050c88114ff005a14ad25f52ecd4a8ac002c8ca083c5452d6d8ff00225a47c67904820c40404f7853253714568a89d80626d5eeff00ae8012c52c6a296f25931894504b79918fa0f98d497c78766f3bb40758ce2a0379cda3df7549f59eb54c174dc6e503da559092c0e01424530405230410181375b06040c2bee264920c45b2906c474b1dfd28a9b9f02244eee197e287d9ef68d57b52b53aacccd12d0cd281aeb70d3702428801c30fc4a4d1cc33c925500fd445a0c916ca394e7974990042a4643f39f9d37d925168b99a9b054b0fd506a09270015520111316b9e3014210da4ec5d300245ffdaf6e3982785712b3e2b1ccf95afc358a5dbdab4699b183851215a54da0c86103b5a4f7769f1304ce8e9c3ed95093023f70161bb520feed74a4ce33654014efd37ebf8dd5dbd51bca7fc1bad2b4028b641174ada4e7ea2443127880383c99d2929856a47bd19812b15f3ee93bd5a2e095ba99163acc4a98383e0821581f951c73a356e293006ce9557b6ab6835285694fc57d375c7f576da63f3023fb690c5378577c2e284e9713f3a549c4050958b8d47c8f5a2378bba15455f68ab01964590dc72159b1188fd3c807476182c8d906454b61b2082af4c8ef99239d32abbe5dcd3b6d882038f218e02824624192626d6189381e31ed801233cf945e79ce558bda38aeebfc69824f511f3f9a5956a3d27294cc010ddc24a93208041008300e67ea1c1187307834f69254f3ca3b530488822d0488cf4b4655e7490902d5aee7ab06a4034795fa480ad215483f49e6471c11ce82d764bece2414e4143c5eb967c39d5a45e8300af75ed201838c6083888383e675ea315866de6ca5ecb3dd11ad092a83615eb5ed97255c60a88edc995e20c1273cfdf4bf6661d96d80a68fd5049de79642a56abc515b0ea629ab01f52c86304dc7044c6170d13e20c8e3589da3d9b887f14a50122d7c80feb58ab88815837351caa31ed7217b144c0c85126d009113039126068989ecc6f04d77e9512a0444e5339c5cdb3178ae4aa4e54df6d5d36aae5810b307326e39500e2412604c10cdf0719d85c529d59dbb955e77fc02b67b371524327a69d3e75a54dfc4d6aa2afb45a3e952a42afc4162a0c733e4c1f0068f88694f20a26057a486d09d90ae7699fb56bba7a8f26b540a8a4c85476820c1c2a904f8fa8c694c3e1f0ac2c80a1b5c489fb7b55062129f1241278e43cbf352dd67a8255655a408a6936ddf531317334793004780a38e06972a84c9256a373563ff000fb74abb70ad645e49ba0f68b40c113101808e0812479123676940673f6158f8a4ecb96cab6a7b8a058a2073cacc8c2e4b2fde78b8983689913225b3b30b04dd522143adb38df36d694fd582763666d1f39537abb7a0a5006776b821031dac090aac0106083f498259b8c100296d24224aa0c44cd95a1e005f845392b20aac35f2ddc6691eeb774902fb8f4d094530cd058338936cdc3b466d1f40e3b80d4b7857543c2902d1bcd8db3e1f6dd6b05026d26f36e57cb8d76d975fa059452dd2972c485ca5eecc2d26e0a9260b3673360999d34bc33c3c409d4df236b03c07f354d920789102c263ccf3aade97d609614aae08527dc6edb883e01512227b860da4c0046a8db8adad85e7bf293ac0ce86a488da4e5edba6b4e85456ad4a9b82b1dd089f925412f1e1d83c1f8cfcb16a61fbb765e4812644ea40b7dbca26aceeda3fc64f4a7da668348bd4f56a28595fe4c8920e4b130a1bf2a8306ece7988ee4b1c8756dec37107324c40f99fb531865212bda5699525dcec992a119684953ed1646317783016f261b9079c0d59a6765d488309000309e59e7d32a85ae504ce6779f6caa57d19497f86a95c5315ab5f04b64810a49f933258c64ffc898ff1e292cad7b088cf4e7f6e14976a2d41d0d8fa4011c6b6defb7581f7296dd879212d3fb30791fb93ada6fb19084cb4eabcc11e51159ede25d68f8491f37655bd3d9ee5691a942a17a62268d73221723dba98c09600768ee69993392f3eda1dee5e8311e24e5d46fe55a2d6310ab3820ef1f71f8a3fd35ea0a55ead3a6c6d049ba9b998113d8d8bb2012d86b51e4646a538453046c9f041b7126677ea47953afa4c6d286717de22b9facbac350754a6ebeec12c5720290b03882264afc03f73a13f876df202c65e7ca8d800a24ded537d0f70a0c1857270c028ba4936cc4ab49c410a4408c09becb497029f4ed37a8936e31371bc193a8d455f16c3c124b2a33d3c85adedca9c900e4e4fc9c9fde733af57876584201652900ffa8107cabc9bae3aa30e1248de4fde99f47eb9ed28a55259570846580f0a4798e01f88e4eb1f198571b592da4a81dd123a123a475e3bb81ed146c04ba608d4eb440de2fb61ddbb580245a0866397523ea99c462207c11af32e36eadf52424ed49b5e46eaca79656e295bcff54b7acee2930b80f03e926e500e41550795f07f2e0c9d6af64b7896711b24280fdd6f2cf8eebd088b50f801495200208054804020c09106478d7a179e65f656d34b4925240008dd4300cc9a37794912ad07a40352737183216d20823ed9e3c1503ce3cba7b4dd5611cc3bc6f68273cee0fcdf4cb5865ba4ec8b8fe7faadfdb15b74ff00fed05b8b0301a2d1cfc79907851f9b5563b49787c1774d9f1951e82df7fbeb5ce61d684256a19e5ebf6f714133233b9a42549ed08a4e2000600e0c48f99d7a3ecf75387c2a12fac051937226e49d79d2eb499adba3d6a6ad24010c48b895c0004286007d59c49c781acbed90f3aa486c12831102c4ef11c32d3755c0b5f3a6f43734dc108d6a7e25b428411924f3339041f8fb9d60b8cbcca8058215a67279548245c6743ef3d485a985a72b51944bb08b6464a83c9f8f83c8d7a5c3e15e7170a4148de63d2f27dbdab7b11da6da5bf019570d2942d355180040e7c803efceb7d6cb6b4ecad208e227debcda5c5a4ca499e14b7af57522d3dcf1c364a023ea2c7b818e1671c9f035e51c18753d3854eca06644c28f0131035317d37d7a8c1318852417967d27a9cefba7f14cfd21d699eb2d2aae26d0b4880160c8c0005a1adc0318c8e09d01bc334d3856919f5f7df47c7255b220da9c7aa7ad52dbbda1c026982569804b3130dfe824089c4abc648d1d5875be7641f0c1078cd87de93c3a493e117b5f414a2952dcd7a66ab39a3466e14e81baa348b44d4f1009c88c33cae4c8c3ccb4b0cb4049d55648d39e94b3d8b420c0f11e3974199eb5c7674e8d2ca52a03cdcc2f3f79666ff901ada3d901c4ff0095d51e500795eb35cc5bae5944c6ec8790a2bd43452aec9ea54a488ca458e162e920607306488323ceb09b40c3e3434cb9b6939faf4b6f14cf672d697d206b98f9e74d3a0d06ab4f6a4de4ba28722991208b4b5c4c3b5992c4409c646ad88446202923a8032e24dfcab50c00b4cda4c5cfb7e6a87d3cf545475586406daad3db7018287324880478f90443298161c60a9060a26c66fcbf395eaf89710e42bf76b547ad1a5296fa8370ab4594912fdaa3f5204fedccfd8792340c518616781f6a2b225c48e22932f473528254402f05889cca866b2d0410716c0c623234b30c294d36bc9600b9136dd98bf1a2b8e00b527f6ce5c6a4771d1da9d566a152aed9c9ef10194c8b89f6caa58338990098ed1a6158b6d688c4232bf102605c6a7709a82d07004901434d0f4d6071ae3fc3ef5ce776498981b74b8e4c8910410b93cc7c4776aa3f460ec86ef24664e424eba7f53421856809081beea3ae5bbe6744d1f48bd525eafbd580ee06a543695c654ca8cc969ba201c089622312e04ff85a09313baf36075cae7765c68c9d96cd88178f08fb9be76f5a6dd1763b6a3522ea05ec60a070ec608b8c2df890249120e448d110b5a892a548b474cfacf952ca750b8837e7353feb1d90a9bb4e10b5326a28ff00bbb4b7093da59429b67263e675648851e9f7a7f04a3b277e42b6dbd2a71626d29388cde86a37eed2227f403e3547312db425462b5158609fad77e53f3d28851483815e9d545e2013dd1f2c487207c024f82488027078a4a52a0c2ec741a6f23513d0522ef66b6eac2a0288e84f39cfd69d352da54a76d214c495103b5802403230789e473a1e21294a0b807885c1d677c8bd0b1a7b961568e11f6a5dbbd8080f4d5148fad54447f98f923c931f7c71dd9ddacb61c21d25493c64f31f8f2e3e58a64452e51697ba01bb224630232306441fdf5eaf0d8a6de6fbe49b71b446ff007a1292440a614b755510527db97a4d8ee95807c104191f1c118001f1e47b4d38453a5ec3b9799220e7bc18fe38d358768bab09983d3f3ed49eb5562dedd336591260ccc86fc414f2aa402319136c02ab2d070778e5e78f4d27799337ccdebd961307b7c233f9ec34e500e8951a910ae6f46ed1cc8c2ac48048c228040260188264ddd61241526c7a6f275b6a6c6d94d8451715820dc1171f3fa9ddc73794f755027b346815503b9c4f272616d0413339c8f83a8c1a30ceb9dee29cd72b92799b88f3e95e3718c969cb993e51d267d296d51881820800719910b9e3e3edaf70e621b0c9741948bdb87c8a4003314c769d3c1375514ed185bc5c27f6318fd79fbf1e5fb4fb60bd086240cf71f9f399129d9e74c76b476c8adeeaa2c99b5f3ca82400724824f8988d2f8601d495aeea9ccdc9f3af49d98adb67663224528ae76f7ffd9d2a379b336feab32e9fda078839d338ac4cb5ddbab84ea273e1be380f6a693d9ada1cef2024fcb802b857a48bdafb3a201f2518313e7f997132739c9d09ac534e59b20c7cca9e461906c95df91fcd05d13a72aefa941ed219d03341240314c9113dc0631708f98055806374fcf5a4319b49414ab31f3d6abbaeedf6f54a07f656a5ac191970248b4db0d6b724f9e78246aae296900a4c4119eed6b2d2e21065549373e8e2a3dca22a213c3d0a84dd1126416c1131f4c41c62d3538874809710159eee60df7e5c3ad3056958b9045bea13cef433ed378a6577879317d15631061af3248271303ed271a015e0e3c6d9160751998dfbf3aa7e95b3fb01cc59479d67fd1552b32ff135aad7122d401690ce32007969c40008079191a22310cb5218442ae35cc5e24e56b8d0efabb6d86ee8484e57ccc1d6febad59ed3a2b8a552a9587f6cfb6aa2d2080c17b4011888f3c71c6a81a528f7a7ea8b5a089191bc1a8db006c0cb5e3c72a65e99dc21428a44ab138f20c1047e936fda07c8d0fb34ff00db26749f7356c5ff00e53d3da9ce9ea5a95f5eda8349dc4860bdc418bd01928df220b40f93f7208713b5dcab64c18344663bc4c8d680a5d63dbdba28eea9dcaa39202965531127007c4c64e82ce20f7282a12a205ad31bee4511c68778a02c3d39548756f51ff30a33bd6791752a48cc45be18108b2addddb9ba78e7461867549da717b3a4830339044e47422e0d48d90368011bd51e5c7850d4fd475d3b8d1de29c9bcd2c5cc7b98cb44b2c4f31111f8b5c1a4954878667f70d74e40dc6ee354da6c880527a8fe3aefa3f6deb64a81a9bd54613685ac200820ab12d6c91044dd330710099387c52507255bccfb5c749e126aea69273490274b88fee8ee99b4db56a808a444ab3a297255d81023c4e493ce7127066e8716416cc8098893232d39651a6949f70da6149a9cf53fb543768a1155bdb3ef2d303962d0d68368702d62073fbeae09da3bbfbad4c11514d8e44451bd3e9d68be832b21c965742a7ee4310418fb0388f1a5b11826defac75d6b514fb4bb9041e9f3dabd6615085dc6e5550e444143fab08519e09b949c02483aae1b02c214aeec494e66e63ae53caf4b2f16d2481bf2da39f41fcd38abd2f6f4955fea2194867693822481c4812703c68b894ff0085405be7de97ed0538f30a4ccfc9a1b7dbe7a602892ec3b897911e4ac1900f8fa7ed064857b3fb3ce31c20592358f4e75e4c902f49aeb9cb910ea61489edc0fa4c92241939e49d7acc3766b0db25a500ade48b9dde432dd4352ce94ca97f15597eb514b218bc0ba39e071c827031c1d797ed2630587596dada2be6207a4fcce698c3b8842c29699e1f0c7bf2a43510d262ca2e46f0b183201885518240202c498924190b0f029d851b8e7f7274b8be57802bdc60b15dd8822c7e72e716eb9ea49ae46084192c600200064c830b0ca660e181223923ae86c40ccfce1b8ea26205e8b8bc5a569d94e5f3d3fbcb37e8bb9a697d364f6626d004afc98b40f998883f84e4e85814611c584620a813a8223d64f5bf415e231ae216e1d94c1d7e031e82976e18ddee196a98018f264fd263853e408104ebd82fb370e182ca52003e73a1df348a56669bf4fdfb31f6d81f95b1a09f91dc671cc5dfed81e5bb4bb295848583293ac65cff003f7ab8215456dfa7d1ad7b3da5f00bab4130a0138e44c812231abe080eeba9e95e9bb28adb66c62493d295d4a6b49caedf72099ee100804737300567e40591c9819d762b08cad216ea6c6d37f7fcdb4a7c62db52f64c4f0b1f2c8d79bb4dc3adce57dbc1bbdca613e4124349f9f3aab1d9ed326522fc6984bec0f15cf97f5ef49fa6d4a35779491c23a432adf85772095241e5661403cc027980d9b40148e2d6b292bc89aaeeafd368215be94b9563529ab40852209517280412238e0e32350a75681fe39b902c63a9e5fc6b58bdc36b32ad297ee7d674e8adb4ea53a7998417969810ff0051b940c931e3c80a4486310a036520013e5a70cee7a71a6db613109048b5f21c680dc7a92ad498a3bbaa322453255979552664f766489c7e2fa7552c4596f80600cc0d649b6474e02b8a9b19ec8e6a07a56fb4f535b50077a941cb0726ba320668ee7edbf2442f7088f238d5bf4ce1056daf6b339da4e862f0377ad5804912002045d2648fe4efab5a1d75bdaa8afdb5529b152d82c40623b481f038e7e071aa25d54104788721b5c8493143281208cbdb9e95dfd39b350976480cded82490912ac403c126e93f07ee647d9eb5af0e952cc93357c50487484888a77a7297a45ea67aa4041029b112c0e4b03361fcaa63ea124e476e2e4b1cf29a6e42653adf4f9fd531866c2d713074e749773b80f521108841edd314e9920aae012de03c8bfec40ce7566ca56e85816811e1dfff002fb0aaa814a0839cdeff006fcd4c7a1549da54f648f78bf713f55b0239ff00544e26757ed052062d1dfc96e34f9fcc525dab3df01fb604513b8a5553baa5c83cb3d5023fd45ffe5ad64e2fb2b6765080780449f51f7acc4a56a30284a9d44564294e88dd38306abaf6539800076866327c904ce278d671c37f94b89ff12770373f613baf5a8c615c6ced2d453c067e432eb45fa4bd3ab4eba1762664395908010403e2f04f6dcde5d4c0234438b0eab6522d06fc8c44efce9e7d4542f6f7ca64d73f5c74a2f512a52a66e32a69893168526d1ce09827c9cf9d096b434769440075e3a7a51b02bf1149a9fe99d355e5ea24c18b4a98904825fe00208b0c1620f8066c9879d4b5b6120e6644f24ef277e433ceaf8bc66c255dd8da2381b733bbfab53e5839999e4fcebd5b0c36c361b6c4247cfeceb5e49c754e28a9664d15d1fa29acb78fe5d3385feb8f2178b6783e79120eb0f18b407a5942411fb8a4133c328e772786bb982c1adc6a5d5183a4e94552e954ec55b486812c8bdc5b862cdc6083dbe23f41ac35768e29b794bdbbc9d6de595653a8d95149d09141f57d92d2186b5b12c1b2d2626082303e222419f1ad1ecded1c53f88014ab1ced901edba6870232ae4ecec82997254c285c464802400247d8f3ad677b3f0b874adf4a254013724df3d49aaa56668bdda20a94695180aa61db93cada24f24113f6217e75e5918371dc3398a76787124dcf283ebc29d6718e3449cc9f4898f235eaaa53dcb2385f66d813f84c2c49ff0028b67c42fc93a846056e610e2102485107967ee6fcf70ae731ae2d094cdc6be63da3ca8701a8b3d3a6ecaaad8c8333047208983cf9f3af4784c261f1d8743cf22547337130489b1a496a335a74ada2b92a5ae86800b415c020c281806479cc0c73a5bb5b1788c32c21b51d910418f4939fc99ab082248a663a552590ea5ff3175c01137291858fd671fa1d62bbda78a78ed159e0018f4d6a446941ef3a0ba520f978505d2323198518623e3cc606b6db7429edbc4212a9d76448eb7903cf76eadc7b02b433fe1511c24c504b6da222de41181f208238fd46bd1a9b4ad050a1293a6915e742d4956d037a4fd5f60906aa813cb103b5bc969e030e4afe2e46641f28fb48c33ddca1614939090549e0752371d323bebd4e0b1c54805d11a4c183f35f31ba987a3fa4b7be2a5646508b700c082d2ca092b12544891e646821c6dd56ca48317eba5318e721200a75eb2e84b55d62e4841001b943f256d9825672d83debe16346fd4f72a12245e4ee8fcd2787252491072b6f9dd4a36bb8fe150ad5a0b488ed1bba497a9883dc62e1208f83dc085d09c60bab0e056da754954791ca95c461d6e994a89e0a37e9a1a2f6e2a54eea64d4fea4ab77fbdc187ee06b4bf55d9694ecb8d84f028fc03592b6dc418558f9574f51a30d8bff0011175c3da982c0c8c48c1317713db32758ed29956381c20213afdfa73a73b3f6bf509d9ebca8ef4eee2ca7b466904a2169a68656077023bdbb399cae4f18d17109ff00b80523aeccfae9ed5a84885819498bc7a6b545e9da9505465458a4c6e2a4ff00852202a9cdc4c095e064c8c065305882e956c261032f7cbd748e357c435b006d1956b547ad0a5694fa92b814d698cbd5755459892183124f81889f92009240217d3b6d946a6df396744695b2b0add41f50e82d6a1a6412abde7cb1199556052e24b73c123e34338600a0a206c889ccc0dda4f1ab07490a0ad6fd78d48eff00a16ddaa3d4295695520b15a6e5330b00860c433121d9a14411db748d5ff5f0887539098898930073344d9511b208226d206e939d72a3d0f6d7dc699a8433006b39690b4c12086212e05ae2a472557c19b2f14e894b698fab701232f3bf413554d844c65f488cf953fd9d2a2162a39855a70a83f282a50dc20197331f2c64640594b42892e2e4425400d00d6d989fb5484a8084a778bf1f6b503bea41ce2b95a60e028607cb12aa4938020dc678c191a236fb2d6d26d168b1006d64445afbf2a55cc33ce2b689dfe99d76f53ed5a9ed5ea23376a2db503b774da307823b9805324150644e48fb0db91b605a33a3e19c2850136af9df48db3d4a80537b3049a924045192c48cc7fcc91a3a90958850915b2a20016e5551629ec4156bb1e5ded0dfa8ecb947dd981d2ca2c61bc4094725284f406fe5545e082c7f962fbc49f9d68ddc754dd065a40042400a94d57f40325a3cfc614f8d5d8c4a5f92de547436d012a981c80e5a9a60766d4699351efb886726480d2311cda440263913104c0318c930e0cc67581da5842b577ad8e63ef4a7740bd42c8a5d70bda204c130a0c16016389e09c0d69765e25ac136a4bf2144cc4198d2775c9b1ac252498ae75fa532d30496100b41200ed2182ac0b8e04418c9f81aa8ed953af06c265048111723283a74e95200cf5a1c551c0b811c00a6719ed1198fb711af47887190d90e9849b5edf3a5080336ad9ebb4cd4ff00118cb000993c4afcae201e200d2dd9ab6061d2964d80eb3c46fa95a4cd75d974d2eac54b0ba48008ed2214482240c138f0440c1d64e2fb59786c429b4001322411d4c73fe75abc020135b51a4d4d90946454224c4c4c852541badba33024039d5b1d8ec3e330fdd35f55a047a0d263ceb92920d39a3b6f7d1951ac5ba6e4900100401c4898278078ce48c6c2e1d417b4bd2d7ce78ee8ad6ecec2152c3aa16194eb4053ea5bb4abed1373fc38107e20f693224833e0f911a71e78343695970af4c52d148509f431e77e541baaa9b6a527a72490d4ec919985b90881f01f03414b8ce26fb455c369503ffccc7a5011824e6dc4e79007cff9a9cebbb574705aa9ac8c269d424e44c1041cab03823f4fd03286d0d8f0003955d19c1171565e81dbb55a0ac4b300e5410edd8a2223c2e198cf90a0022722430da5c52c013fc0fbd6562dc257b20dab7a54423315dc92a7041bb20c8900fd4a08f904e39241d51d7db50eeed33191333fb4de0db3dd49270ce856da4c6be54d5d6876b53a969f705c18108a155813c130d79c31320b03106020b5b40b4b8da3d08488206911ae561c29c217042d3303ca7f9d2a6abf44db9863482b055ee46b08fe65accd6e1499b6584cdadf9812a71aeec5c6d0826d7d6d6e22fd2a48fdb3026215965c6d9d6d4bd3db6254915aab49b56b3dc0c300159215a1c102dbb0c20cae744fd681296c5e48b002481313c454242d22d0058980058f2ab1e95d1cb37b95161194f61c30271040559ed982d98b6720e86db454e07562f16de378b588aa294027607f078d11e9f6b1eb50733515834fe652aaa187df195e45c3c104ce15a0ca3bb1a4f9136fc718ae7965c56dd3bd3141a4dea2d9214f7205c2d53fd4acd6da7e60b48f8cfc9d25da0c85b255aa6e0ee8a670ae14b80686c68ee9554b51a6cc6494127e71cfefcfefa65951536951cc81ed405801440df497afef94b32332a201df7daa1ad377d4df1c80c4039e671556d2d5b0931bec75d41cadfc5593006d1e9fc8a8e3d49aa96fe168b555120d7a87dba63370201963079049f98e221c6986552e9f158c66677c693ae8775738f06c6cacc70024c1d0fda4cd0efb8dc9c9dd51a706e9a540b85c41b59c6148e554da738ce9c6f0ee6ccb6c181bca53e9a52aac7353913cd5f807de83eb237345929aeefdda864fb6b4116c53962790a3cc44724fce87857d0f2492dc246b3e82d4d619d4380acb7006bb473dc38fb557fa7f673b6a8954fbe571c5a2080d70b6d246140639599240902a1c43c0c65247955560a55311fcd48ff094e86e6ad046b89452abe47d2e699f96020c0e4a444903571306b5b08ecec2d62c3e7cfcd30e9dbf7594a415998ce0166f81807c0fdbcfceb39fecf0fb9b4a26375693894ced95883f2d7a26833d17254a357624316175a6012241024029318cc70b9d4c0b09539dca6c94a64f09361d6e6b0fb471c5a48d81ac01ee7dbdab379577151912ab06bdad015428cf3f2789e67f70482fbf846da4174788888062019cf8c679e9beb2dbc5bd8970346c0e71ba9a6e36ebb5406f36cf232d279014c96062604b08f20e30315855baadb9da2739d7d870dd46c57669376474fc569baa21e9b283d822d79108146493cccc820ff6e74832e299752b03c40e5bcce5590441839d01d376a4c556c2d81ed1f54348fdb01b1ce7e78d9ed8ed30f9ee102c0ebbc7e3e71aa53b3ce88ea5b12cc1a9fcb2da7c912d83e321a01f9f88857b2bb4bf46485894989fcfe7f35c46d0bd6dd1fb690707eb2ae5b1007055a78b44feff00b8d03b4dd2f629655bc803965e753168aefb5a495ee4576b57b1a603000f0044c18fa8f206392757c3e15615b6ab6b6ce77f08ad5c27672d4a0a7440ce37d293eeedeaba23c111e243039183f79f3f399249f4386c3271292b592142c488f15ac48df16b44c6e8021f7dcc139b08fa7300e9fc79c4f9915f70d500359a9861f4d4552a0490326e3db71507e26e1c696c6b01952539a5522fbf775134e607b414e93b51a751fdc72a1ba9efea0534eb2aa9f05c4111c1066d6fd463c6b193d9c96de0ea091c33e95bed212a8295e5e63d6946ee92547a1419c53352a4dc7f0860aa1bfd440fd901e089d1b84da97c5bde252d1781f0d59d7d82d2d985a2ad44c8553c9326386c12b0bdd0009205a6628a5a194959c85cd612429c501ad4574f1b87ac6836ec53620843eca95aab241b4c0e6320f3041e2346c43a869bdb437235be5447d684236d2dc8d6e647f1b8d302fb95247f168e41b7bf6c54769fa41a62e5599c08073f26792cb8e361cee0ec91a2926472fb525fae6a7e92392bf23ef5d2a6feaa2ddb8a03db20ff003f6e6e405b125390aa3c02a4f13310986b0cf2f645956b1b1b643ef008ca9b6b1095f850abdec6c6fbb313eb553d0f7e8acbedb8a94dd8b42da5a4c02cc0e55a795b8b73209248e016ca8254491d499d49390156542a4c411d3a73aaea9201c49038f9d3341a41e9ada2b7f35bb994f69fbb28667fd5af227c67e4eb3b00dc82f2bea513d06ef9c375378a5c10da721543ad0a5290fa9ebb76a41f6c90cc41cbda64a2fe53c19f3e3c909e35e0da5216252a30787cf69a630ed9512526e32a72816d017e988118c4623e31a7697af9a7a812a9d9ee112e85b59c28316ab02c4c35800e6625802781a160169db29dc7793ea7d8536203a852b2e4072cbdcd66c996bed688a4f4d569a815119a21801ce0f9939199074261e4e0b16a5be82a2723f7f2b70ac2c5b4b43aa0bcc9cf7d2bdc6f7bbdbdb915eb7ca8fe553c1325bf19c181c48e18c0d69e231aee21b3de0eedbd6fe250fb0df46c3e00d94e481bb53c869ccd3bf497a70b9662c5ee6fe6579127b41b6093f88031f7cf02335c51c44b6042048dd70465c33e75aa54110445a206805fd72aefd5b6351da5dc514438a6ac0953693f4d327bc81963f733c005ef129076ed26c76a23a6f3c4f2e2806dd5af8567acba5a36d5cd3f6c80c1a995b016ce732316c969e08c624eacb20788e9ce9bc3af6160e9506bd6f7365bfc45503e2f33fa4ccffbe8935b294a140114fba79f6e9536e02a092dda248b8825a062eb79fc23e345c06370cca56567c4a390049816161d4898cebcfe3597712e8ee84a4646c071fb0b6ea6b4774a3dbdcbc1552c5144f71b594904c4813cc151f33a23b8f53c980884f1227c84fbd1707d9cb4ba0cc91e43a9fc571baad6dcd2f7445c4155fcaa096200f1217ce4f98c0d67b58843ca3b06c3cabd0809436a09e17df3fc515ea9dd536362056a8a658c036c64293f3f6e460eb430b875b8f2543249927a1b75f6e9583da7886d2d947ee36e54551dbaa6d96adc4da9728214f390012090663cc4eb286192ea76d73b46e74926e68aaecc6571b32391f2af7a6d0f7a8dece6f20ab90aa248c64813060180462352304d71f3caac7b29969645cc6fca95fa7377491fbc28bc8b1d80c1e144f82479f381ad175b754118855f69299e075e533f2d4b605e650b533b898e535bf564a89bb2697d67b87e91911c192a718fef1a4de792d0da5655be9292d6ca86be5227e0af2bee45576ad1695402a2c13014b49c77402d9ed3f063cbac6354c8f0a7692771bf4d0f9d62f68600bab0b98b6eb1fbf3dd4bc95aab683721ed25486c30b64db311339888d4768768619fc3100c2c4280508322f026c6448b139d2385c2bf857c2943c3a9fb9d771b8a9da1d6772881057a8ab1f4dc7b7ec3c88fb68335e8c21046d69563e82e9d751a951c2167693ee584db1c92c640266e3cc88cf70d0d24151574d7e7c15938a776d56ca8da7b165acd528565746682ae40045cc15486211c18911fed022aa712414a6ea07fdbd08b8bf43348adb752a0a4e55efab3d3734c31565536b5c59668b161201072602ace41fd81020b5614950ba4c93adc91e99d3edaf688d0d870220ccfa54ca6f0a304dcb5ac7e9dc5a4a541902f1cab429cfc09208863a187c4398707f4e36917f0cdc1d764f3d2b39fc085f89a1d351cb78f5a7db365a08f56a55a46895c856b831f118009224409991f1aceed2c5271eb486db2163e7a6fd290434a52b61224d07e93ab5176ccfddedbd4254771530aaaff008821370886064a923832c7682c2137e5a81d48063db7d7a25225d09d40be573d73f7afa774e58a54e409b1700c818f9f3a9020014a1ce93746ac457a894d669331207e4b7b6e1fd2c40017c002312026c3c14f2db48b0ccf1d47cdc77d30e36436951373a70aa0d394bd24f55570129a4c3354ed2461615a59be144c127e40e48d2b8c4a56d6c288124666351f6a3304a57b404c4d35da1428b63065020106440c73a6a668311497ad74662c6a515058c920c40300020799cc832093c649005b6adb0b467ac9311c04c4d112a1b252acba67f8a8dafe8ea45ae3b56f0d10e005e09b5488377e15b6070ab922ff00aec484c045e09cc720277ea7771a612e116ef2d31f93bf80aed4a9d2a200840163b558043da4dd7a1999b2646483f7955d2a71652bf16761605260666d2209cf5ceaa93036818e26f713d682de7aa1aac52a57d6b5547b74d495169987901231f5a86e07eec2b0ebd997d6123ca46847ee079122aa765036b2dc55f8d7ca85eaafbd5a4d5aa2d2a2a9917b7b8f27f0f9a664fcafdcf1ae655845bbb08054550098b18df39c551bc436b586d0493368b01bf8fb53cf44354a6adeeb90ce8cdfff00813007662d11cda305d868ee388ef7bb48c84f0ce2b9d4a6eb4e531fcd6bd4ba652aacd552953a8d6982c45aec4b448397c01c8cc91f5061a5310dbab20b4606b06e797aea34a261b10100827957cfb6e2185d8e1589e63833fa7fe5a701072ad4d9406fc02046956f52ba7f132f0a94d8a2af8029caaa81fa8ba3e749768778a68a5b124dbf34ca5b086446a6ff006158fb8bea54ac495450aa083045ceaa3238241a9c713a1e1f0eb630aa00f8a09eb1fc50b10365212acc99e432fcd094542a8e0473e003e7fde75ee585a56da569c880475bd78271252b29566091451acffc3a6de3eaa9db3f9666d3f16b95fd0639075e5b138968edbadfd22638f2e13615ec7b352e25b1de6691fd035d293bd25dc5052648c34e40200669f9b4a09e01c9c03a5f098a4ad94bab12358e77fcfb51f1816a6e539c475d3cc504156d88ed88208f0304107fb46bd9b6a42d20a0ca4e5194578558525442b3aeb4dca8a75164fb6ded9049c1b11ad13c086a80781af16b4fea59513928aa380da3b3f6af758241d8ee8e7033de07f75d3a97515f7456a6721433620c8910dfaae3f4e3e740ecf0f21250e0c8d36db529524f3e46f527d768a26e6b0402d5a8d6ff004e781f1071fb6b48d2c800a3c59556744e914c53a552a514560b9320f209566524670339e4926d93a49b6dd0e9528f834074fe3f8b6ecdc4621051b09fe229bfaa6a9ab4112955c95622a862018219507961f84c88863f3a643a94b891133f614ab6907c4721eb3529d18ef5d19d05272a4a3a1fe5ba5bf84050a83f520fc1e355c41c236b095a635062473e74479f69b59492448cf3047bd30dafaa2aeddc7bab536f7313dea4a1c47d480fb8c7992b0226743430489c339b5c09d7799bf411564a90ee50affd7303ff005b79de8c46a5540fa4836882c191a6e12c58da14764800881facaf0b6d509f0a8e5b8dc151b4c6a049d6ad21424dc0f31a01a4e94352f475262186d8998820d4b5e3eafc4311c105413c48950e7eb71111b3fede99798f5a9ef5407fe4ddcef9f1b556f46e864953529844502d0028fa4f6a950a0011c80179cf2401a52b52f6d76ca2e67883783c0d0545206ca6fbff00235aa76600492001c938034c50a90fa76b20ad5e9860df49461c324b441e095900fc48f044a9864a12a584906544d8ef8fbcd1dd2a213222047953fd3540a5bd5d76aa3dcae117f087221bc90011ddf2607df555b685d9401e7446bbc2a86e678526314e2bedaa5f4d8c73e47e07f9f8048b94c733acc75a383ff2b5f46a9fb8f9e94d8974f76e88568723c8d5452a819430e18023f439d6b5214b3d4bba64a50b74b989001c79067e47fe7a03ea504f8264ee131c6f68e7446c027c511c4c57ce2cfe2b71568bd46142889ab0c26a9f862b8b4106049fa66492089708c1b290d01b4acadeb194d5712f29b4073f72a626f0073d6b7437f6534017c52480aa3e5bc4fcb36b61187c36011dee20caf79b99dc91f38d622d6b5aa49ea687d9ed9770de0ed68b13f02b5421bbbef4d223ee0466e319cebbb254fbb652e07fea2c00fcd6c61982d2623c44790ce399d6aa3aa74e65a416a54b6f37ba164ba6e3042f070493263c78d26d9532038acfea220aaf00580e37e062acfb65e2109cb2a1c75ddbed50232034a4d90e6f63c1ec50598308310403c9d32d29c709949df36bfb41e9521984c26f19f0eb9573ea9e90a15d8550ecaf58924a00532ce498325a3c99c0e39004ec91307cef446b12a6f2a9b35aaa53f72b51a96162ab58616a4627b87263ea060f31324f48900e75ad87c611e0411c8e94b7a9f566aa829aafb74c1bad992cd1173340931c00001f18117a26c924a9664d1bb9eb20aca41a8ddc382149cb13e0b06ba17ec09f008c38fab0e9c2aac816275509309e02224eb9653594c6050ac42de235e93693c6f31a0a6746b009b575c814949f92c19bdccf9324fee743c535de345b1a8ad8c32252b48cedee7e75a2e9ee55f705dbfc3b5eeb87e014d81241fb9f3f2342ecf60b2d049cf3352fa618f16a7edf8a9be9dd4c5816b1cc01713f52f06e278602618fd5001cc12db4fbd8542d0d5d24181feaa3a8e04e634cc6b58d8ec121443a45c44c5e44fcbf43a571d9f59747a8c4074aa49a94d898399041195607823ff4886d21b4046e115a9b06c458d30a3baa9511da86dea5434c4b4f705ff305505ff48518c823066520c573b8b57d0b5013f2f4f3a5fa2e8b77d4a8eec53dc9205b2c85893e489e5a419e390daa94a88f11f2f9f375643b8952eda532abea4a154d4a494d49c8a80b91201e1148e18c1b96447933ae743884884ccf21414b72255607acd6749e9aacb529d2ab72992aa5943310bdbdb9c64f999c9d014afd4c927768524949cccf40481a551a69587570f389a43d6b6a683bd68269d4366e9704dd2c4550062548eef120fe62419a5a9d48cbbc41046e9b129e4688fb21c4ec0e253f8eba71e75ea9b00fa6c7181cd2aa0fdb820ff71f6d6b84e13b451feae0e8a49fb8f4e558476db572f4ae3ba55da9a3568961b7aed0d4a67db6f2c93201107c66d8e088c768a9d2e61f10015275df1beb6708fa9e90afa92241de371afa17a5b72d0d4dae36e4120401fa82664c9e48e609d0b0fb49942a6d958011a4458c519c830a1af19f39a7da628552f55cee199ddeca34f3262147889c5e4664cdb20019d666cab16e2828c212623fd88ce787cce9d043291b22567d2728e34c7a3ff0753ba8d8ec9f88c975991cbf709c8f8e74fb6cb6dfd090280f07418767ad37d128351beb52bfc450f70914ca38b866d2c0ade079b4946ff4ea453f856d4b65cd9127c3d44991f33aefd1fd3d650f616a028ee2a3d45fa6d016d5a6673368eee00fdb5471b4b89d9565417b125c736c088b7cfb6eb0aaa55004010070356a5a927aaf6c0d3152d0c50c19e21a3c1e7b8288fbf0c3057c5265215694def3038db38a2b2abc6fdd13caf505b9dad7a7b93b9d9a9ac1c01529920b1380498c0bd81600127eac5ba6086b14d6c2eda8de398f9d2b9c421c6fba74c46445f9fcfc56dba5dd6e69ff00382ed6830fa55a5ea4abb25c47d08c5624807204190401187670be39da569a790df42670cdb6a949da3bc8b0e314d36cd4d2004408a484a6d6150acd50da4dfe18ce7ed3c6572ea96a0a3727e9064050b1936304535b3008f33a837e391a55beeb0f509a741ae6585a9b8a8d72533c8b1c31f75a4e3913c29cc369650d90a7254afda2015721032e34271d4b6995581d07eee39d871f29a5bb9e9aa9b9db1155aad461efbd679336c1a7209982c02e4939027456710ead2e152622c071d6fbf4a8c3e214ea164d936000e39f3b0aa6dd52acb4a8d0a05e5fba14b01c95000ba22e52f222419c01a5f0ea011b2a2660916bce80f29b9e14be296aef3651e9ef4757dced0214a864ba8a46415576202ab5c7f093910a48fd17064389767608319f0a29429398a55bcf446dd56e51500b6eb8985c80460281138804119318cc6c2b66028cf43f6a3a716e26da52debde96aaecd568aacc006928322d0000310582812a38f04813a0e19b7196825667def7eb4d271c9da222d4274de91be553fc952b9608ee0168c16a6243498f8860060c0d30172323156fd6212ada4983f3cebcabb0de56a21d292d8eb7d88e0d4751904a9336e2e01409807302276a2d1ed565e2d257e3324574e8de96dc5cb56a8540ac1806bbb8822d3214c29380741712a75b294da46b9f9551cc7016029e6dbd1542b312cb5006660421854eee2208103e4807200c679842d2d80b55e387e26967316b2484e54c7a6d6d9d255a4a0cd26ca20264b778e22d25489c1802065645d4a4b2895981bcd2e12a715617a17a7a5656ab46a3bb23a97522e82002c0aa86121916d8ffd20438a053b292428ed74dc46fb1e722976d6a4bbb2a16a996e928fbd08ec54bd3947a66db1e9c280be0ff2d54cff005488d71c4adbc22569194483b8efe34e3ef2db68949060df7107f9a3767d5aa5023dfa86a5327b77693749100550581431f8b063cb64895b29755f494391a8131c091715465f4b8211ff00c93edbfdf9d36af583039424a15254a3060c8f7b33df0c48393e7f5e532561702cb190d08b78956026051bc3b327e9feec2f9503b6dad7a25cecd56ad22c49dab37d059aa40a4c707b564af891f548d1ca58c6a428d95bf86923a5b5a03f874acff92c7fd85e79ef8df9f3a11e8ee37556955dcd2f6b6d4c8609741a9c35a0f92ca3136ca836e7476596f0a83b26547a7415665b6d84908324e6622055dfa568066a9579fc21a44b4e58b01893da6782589cfd455c380a529d817dd371c41d465567490023772f43baa8f4d506a7ba97422d4eb510c425660ea4734d81060c7e0368823e9fec7554212898d4cf9d19a7d48712bce3e7f46927a5a9226f512938754a2cacebc377126df95128a0fc20f11abd38f8270fb6531b4a903841f7f5ceaf35159b51dff12a97f2a9309041650472256eff00e0d7569f6593de2920e693e76a07d33bfa9b6dc0a0c669bb011e016fa5d478b89008f927e33395a8f8d690f33dfa442867c7e67cb3abda950282cc4003924c01fbea098ac5a5fb8eb9b75905e63e149041138204376e4c4e84a7db44cab289eb955c36a390cfed41b741a6cc5a9550000563eab5882a73763b5a0ae0fdf2754387009293133e67f773ab77b22e272f21a509d4ba37b485a5dc90aab6291690b68630492b880be2ee7c81b8c04a66ea3e18c890464465be4d5d2e498b0cfd74a98eacb51ab26d11dd2a5552f55fb95e9d224f698a8549633c8040811dd3a2a1230ad29e55c9e9278898e714379d0946d91616038eedf1ad0dec8b852a490aa4a534fd3058fdcc496e63f4d6d60f630985fd5bc654a124eb7c923f1f6ac2716a7564a8f3a1fa2d235b70f529cb2822852208ee5a61641bb10e4a107e6758d8807ba4b4afa97248cb3ce388067a56fe1d3dd200dd73cce40f4b75aaaf5375ba7454a86c22aa3552ad7b14622d2c23c8f88249e0675592f2cb2df5209047a7deac86c88545ce42241f5a86deedeb37f0f5eaca23ee1053a264c06c9623e4da3c67e0081a71879bdb5328bc24c9e3f35a86de415adb4dfc264fd870f7aa6dcd36340221e5f369ed18fc2c4e6724c402003c192a32bd92a0b0a37220f2b5f74de7a1a57172427622f197cb7b575ebdea37dbd26b453263db52412cc48fcc2094fc56e0c08b89c68d87517964263677820cf4197534ca70e4909d75b6437d17b6eb26aedef14d7dc5a419183930316cac7d4b7f24f33c911a853812b524822385bce82e24a11b55e74aea6528537b10d432a950b155818524410d0ad8fb73c03ab3aa085ec5cdc8b0dda9ddf22686c4ad1b46d4bbd39eac6acb16a7631004778569b6c633692304f7641c0046a715b4cc18b6a4988e34d9c394983bad69e95db6f4d905752c4a93208920f712018208539fd48882491a59f7429bff001ccc0fa6f324dc6971d052b864a83a52bd37daa606c6b3ee774d4082d4c539a609b6aa9512b208bbe9041f3c8231a71d7db6928439919beef934cb8fa1086d2bc8cdf719f6de2ab3d2bea5a66d2c2554926e562d44da4100c44fcda320f8c809ac1c32a1465275249cf4cb2eb575b655a5c6e0208df9fda947abf6cfb7aa2af737f0ee1bb88ca1211b8e59e5099e04cea584025cc31fdd246fdf27ff00d5872a8527bd447fb08e13fb7dafceb5202780e96e01c8ab4cf1fa823fb1fd35b8908ed2c26e713e6950fb1f99579d95217bbed5db69b7346b8da17634aaa96db12598a796a607b8ab9130c78c7376b0d2538d62563c433ddc0c5bcab730ef95a7bc198b2b8cebc2723555d23a67b993ee232540c5994f764900027b5978244886fec26599f12a4281b9b0da8102c24441e195156b8b0888b0ce26895f4ea2586a5616a8b5b1648962a01bb00334c199e3131ab7e941484289220820eb7913cb4d6a3be3248107dbfba3a8756dbac53568b4d805adf36fc71222e389f3a2f7ed931b5ac75dd54eed5131a4f4a3e8565717232b0f95208fee3450672aac546fad3a93bd51b5a7c603898bd9b214ff00480413f33f6ccd6ae030e8082fb826321c7e655cbfe1f6de2bd724dc5015bbfcce781e0420c7fcf9d754f692d450ded6b27da2aef5159152bff10cff00229a812cd56147ded71ff3207efaead0ecd30e956e04d21a2eb5b7b4ca9eca65496f16d19766fd26403f71f3a926f4f3a7bac2289fdd61f394fa577f537a844b3b3db4d4daa1665882d02d30093018cc0102789d281b38a5103e9b8b1b28102fd3ad6521253000f167ff00ac1d6a79faf57a62f7d8b2d299049695070a6596d24098b960b19338869b670aa56ca1436ade6040f2196ea84ec387612e82abdb9f1aa2e99d4c76d7db9634e3e97264c0b62a85ed525890bccdb23fa945b4ac32bc396b7df9a893c341524edca579fc8000f7aa6f50115282baafb8a1ae99880030262413cdb1ce7891ab620256d4c050b1b9811be479d51a252bce0f293cabe7dd4a956a3b81bbdbd20eaa96d5a74d4f68182485bad52460924f65cdc9d300358a63bb98c88fb5b7572da4ad05a70c5e41e3c6b954eaadb856a7b6a0d44be2ad77fc218c1008f9270019ce00e451184524853ee6d04e426d4ab7824b4ada71415b80d79d33d96c8524b69a9e0aa06437412d241b8066561e01fa8e3c69471e538adad55f4e7047fb58120c2a34e34fc673cd5967bae4037149297f3dcd7207b48f6d148ed761cd4612410071100f6881dd3a6c3054b18541394a8cc903749d4fa5218cc47763647d473d20683aeb44ee98b36dc33bff00faa152efa980a6a19980f300cc0118e3447d9699c5292d0801007527de281d9f3e3570f723f9aaddb542b40808d73bc034d432e20305524112095e4923ce0819292a4b676011b44c44285f51a01cf2ad43057e2390d6dd37cd4ad1a74ebee59aa93ec51268d356837546ff0010c2c811804c9184371e4b0f05b4c8699126368c40848e51ad298b78a1103355cf2d05f79bf4aefe86ae15851a992951a8b2f1749232621877fd388b067e99b62082ea1c4fee1bf86a0e7af29d69a590b493a101596fcef457af370b469bd359fe5d3b3392c5ff0018800234b9627fa4601b41861b0710131000df6f2cf2d4f96b50c206c848c89bdb41c6946eb6c9b6f66aa3669aad2dd05f2af12d904310de20c9080ea70eeadd2a0b165ed149e598f2a570f882ead493a92a1cf7751562affc87a6cb52561835aa0050472417b849661c8324822242a52aee96d10551c9208dc08b46fcada694e0236d2b0409eb1e77e5526f2bb9dcc120ba517ed95c2914c85f3687c03e42cc999d693296dc718ef0029950e06536fe2b3f1d3dd278150f63f9a177eac84ee504b2c7beb18a884e1e0102e53cf8e09c1604988c38c3b830f3e054ecdee0ea99cf954605fdb01a574e077723ef4ed9055a5c020a922126e46058b186c0b6006b4086fdce40da6dcd9175274bdc657511a4cc026b48c2849b03e87801be3752b5dc1daa9a5568357db863ed38faa9cc1b18e208047913e24615c2d1748c461dcd95117cc4f1b528fe13be56d0212ad41c8f115b506abbadc53dcd5a269eda94d8187d647216e015cf063e9365b33ab32ca308d14cca8eee1a0a2b6ca596ca0192a893a08abef4b25ab51ca2a2c01702429b6e9805895024993f9be0696c2ec9056802099904df8c1cb9559e26c09b8f4fcd28eafd48bbb5472568a4e2580852789169a851ae0a402623ecd42938954668e7215c645c107ceac3fc4047d5cae3cf306a57fe9fab54b7f0db47745c07792c632b7582cb809102641cc983a79c670edc77aa00d8f1b647f9ae5ecb7671c09266d9e7f39536e85ea1c9a94e45a7be8bb194c300a7806600be265448071a556c1c310a45d3944daea9dae9ed56578aca89cc1ce40190a23afd614f7ab5c7723c38201c80bed388e656098e7206994a81850cab4b052bc329b19a4e5f3ad32f423015b74b20e54820f2a5aa1047eaa54ffa86a4d2bda0652d91b88f2ab1d4566d407fc43dc16ad4e9a98b14131992cd9103336a88ff0036a662b5fb3590a6d6b5656f217358fb23b5a36907dfaa25943c15490053c7c969390095e485d2d882ad9084182723a039df9c45071189fd438547e94e9c37f3d7caa63a73ad4aadb96ef55665daab79ee2c6a37cc48cf24c0fc208686154e918467c23351dc341fc7dab271cf9427626e6eafb0f2b9aa1d86f8b0acd5d81a4a9dd205a266471271e093c8f9d2bdab81670ca6db62768ceb7d23d66b2d12a23645f4a59e8da2cbb6b9ad02ad42f48387260284b8008cb38224cc818806497b49c4a51e2234171226bd2995bb024902f062fad7d3ba7d31ecd306c20a09b476991e040c1fd07e9ab24400294264cd2add7a7064d278f3edb0edba491f61138054e47dda40a6482548306e7812466796ea20726ca1397970ad287a6893356a4c5bc126624904b679639e4dcc7cea3b85132b513f49dd97bc9bd4f7807d2233f5fc54f7ace859ef845200a6d6a81772849607f0fe26cf95919222cc00310139081027d9232dd3caac0ed246d5ef7b7de97f46db8afb5db8a2ca0d352b501e558c12607dc131890dceac8c72b0189754b4ced65f6e91ed158f8f4283ebdbd4cf4ae542d7dd4d320d3daad88f305aab9962adc1204923e14f8cea42ddee54f393b4bbdb38d201f41ba29ec2b450d89fdc41bee1979d15bcdcaa527a96a1294d88947656226d9385c342ce1303eac02ae15b0a7929b586922e6f965f7e0347540a845ee62f1cb3ce95d3dafb5469a1f144334fcbdccd9fec3fd1af47d9052e075ddea8e805bdebcfe2dcef1d2a1bedc858574d9b95de6e94cf34de2444b2cbdc264824898f88e48d79f591fa36d76b1d413104eebf5adac2ddb46770a163c78d74f55d7f72ad2138abba406d3d841266d53dd9304cc67fccba23063bf588900e40e822e4ea3858559461be4951f31a56e287b950d36ffbc3511bfd41a7fb3007fd3ad6c56ca7b2db713fb4208f41f7af3edaca1cda198acf4fd69dbd32e10328646eca98292b7332cc90b6b76e662470c71f1a940741b42ad7275cad91eb06bd1839eccc0f1088e7cf2ad7a8d454ab4770d069906857eeb8846fa098c2a8323ee51bc9812d05bd8684fd42e2d171b8798191b50710d6da5484e798bcdc69ce0d306daa505a952ad45344d36507cb5d188e092046399e06a315da4bc7a5b6c26160fce5c775623485295b28ccd07e86a44d2db86599254888bd7dc6fc5f1860579212382b06c6c7ea131fff0051e991e3ad7a276369cfc4df9e97ab7dd7a705d7537b658120f004153f73c9c1f048f3a17e9f655b4831716d200888d24507bc910a139faeb5cb6fe9b661fcda9cfd414cdc62d0c58f263c904900672d351875287f955368e06f20f02385497003e011fd5c72a7f4e8aaadaaa02c40118feda6e835f35f50eddaa6d2b253f6d9c0572115c165460c63f96a840825444fc1cc10767ad216a1e1b1bec88f3e34dcec3885998e266b36dbc8d9ed9a835ab015a003dd199907f14c9f248f9d5707846dfc72dac4e66634bf0e93583890b4baadbce69475e663ff00694016bd3522a0518ab4cf6931f2b22678c1fc221c5e0ce115dc28cb6bc8ee3b8f3a6700fcff0088eb970569e7955374ea69bba6698241cbd066798e0e41cc3861313c0312349b40a16a68e97cac06413e42b59b7d4ca83a9e446fdff3950be8e77a3bdb5e45c5a9953f8700c1f9ee5c1e2184634c56863909730fdea3299e520023cebe93aeac48a964d85dd52a3d41daa8b512783daa80fc60863f6369d4d365f8c286c6a4cfa7ce9533eb5df9a85c53b19eab8a74c299f38799f34d60c63bd71cc8b0c90a78baa110233904673e73544c0012ac8788f08d3adab9f57a2368a82ad5408a81412659a32c42f249624c9200919d3180c729285ec23696a24ce400d24f0dd58bddb9897090266e7875d2834dab6e02fb9fcbdb06ff0006e5f71db19acb72b4718198220000300b8b0d2cb8b3b4e1dd131ff11f3856961f0e96be9cf2dad0701f9feead7a274b7a90ef0b4bb613956824405b88558031111c7ce976d2e2d41c598dc0489047ee0751c28ab2948d948f6f422aab4d506b35d5d59aeaea43d7ba6b16f79049004a8049241106d1f544298f84f38b57792a07bc46601b45d5b84ee9bd150411b2acbdb798af9feefd35b566269fb94cc41442209b098170edb9c40592a067181a327b452010ad2731feb131ca638916a3853b004039448ca72fcf0aabe8fd1155451a2a7da5724b796566255cc8cb593e20a941c71474a9e54285a6fc75041e0683b7076c9b9f90472a55ea4d99347754c2bdec30a4b33b58434958c9f6d1bbccce15264ea70abd978ed4e7224836de0683d77d592402856822607b9df4be875cd9554a552a5428caa0325a4dd190300c899223c183a1a5bc761c38cb4252bd7e656b1acb73b3df4ae026771ae3d1aead52aee6c315ea808b6cff0084a0038c8637aa8230086f81a9c423ba650c03e21b8c1ce4c4dadb8e626b51b6fbb0941fda2fa89378fb4efaefeacdb545bdc062f42a2d725d7b98235bdede4f78695c44f80356c34171c6d47ea9ccc98ca7809cbad4800800e44106d913ee77e95d29f5ed886fe23dc6ba27dab4c86220c62248c4cdb927425358e2c8c211e1073fe672d77d64ff00d3f11b5b3b1d74af3d314d8ed812a6ea955aaaacb090d01594004541723440b84023b49d1b1b601b4933616201319c4d8d6b04a52b8d00024891611549d47a3b2aba58cf4ea0b45c64dc564331024b29ba0fe62a649248180a6565481209e3324dc93b80aa6d05012608fb6ee3353557d33b64a82f7ad529dd842cb952cc3ea0a1a4a056110724123c9dced14a04ebc06e2013d27caf454a9d39000efd729f5aadf4f74924a542a151440582bc050a5578800289fe89cf6901095a97b6bd26d1ac9b83c467412a013b23cfec7ad5468f42acd757566babaa7badf4a704d4a331373535ede01c88239304f93279e34bbadb85416855f7127679c0ccfa5150a4c6ca875b4f293507bbdab512f5685851e3dedbb3222b1319a22f2c1bce3cfd33168ba1c4620276a52b1f49c95e5331557984ac42f4c942f1c0ef1ede95d7a2b257716302012b529bf6b804156565e1b0489079e40d358ec72d5862dbc9f158850b89073e06b29cc32d8549cb4232e86ba740adfc33352ed2d45c9058c5c0fd1f102e524f8ef53c48d2d8958525188489f417b13d056ca15de0da980a12798d075aa9ebdb30dbbd9d5a59351c5c5721950ab5d231f4dc27fca34417134561ed965c695ae5ce47ce9557a9a4e90edb7a370c0a8664603019814910cad6985606ee664401f784a81122b8820c1af9ff0058e9db86dc5264a8aab4fb52a93258f330b278b5736e54e7209941630cc10a1e1eb6133e54c21617295092a81bb2e34fba57460487b0d5ab0482f20820c5ca6e16e783370c8ba71a12b10b508685b31b88e047e2aa40165586e1a74a79baa5476bfcddcd46a8d8f6d24dd2b2607777648c985100c027554b0906499bc898b72ab34971e3b0d8beb1ee69355f536f6bb11416d03c200c47f99dfb67cc40fdf4789ad34f67b0d59d512770f9f8e55b6cfd55b9a2e1772a594f32a0381f2b6f6b81f1f7e7c1ee75573b3da7124b06e343f3f229f75dea4829ab35734a8b41f7104b549120244c08825a3ed8cea14991131596d36b52e1224fccff009a069134d56bedeadf498c49919988a8b1e4e2e8041231acc750ee1bfc8851527504cf514c8095a8b4e27655ca3cea9b6bb80e8aebc309cf23ec7ee0e3f6d692541490a191a48820c1ae753694d8c9a6a4fcda27264e79e73a9201cea01dd5d69da2104081851181e31e06a6ba9475ce9cc4fbb4828233524905adb481f106d83912226408d01c6d5b5b68cf5de7709e7444a8442b2f6e352db6e8d4eab49d9a5425d017080830496b8af61660412c660639d723118810950dc0eeca49f3b55e5201d9598bda78d87de9cf40dad20ca6ad4a778855a7700415b42f6868fc2311c918c0d0da054a97636ad6b18226e398a85c0108cb7efca89f50d1a575eb569a555c952e01622d2b82c3e00fbc8f81ab3c90140830af2da8981ca4d42098822dedc7caa7373d0a9a7736ca9920a9b9a98b4ca410d8b3b9f33f84f2623564e23116491feb3077e7e5ed5624440598bda7765e7545d0fa6b315a952d64e505d2432da0111da26db8898920c0227546d0e2885ba04eece0ea41dc45429480211fd8e35437804640278cf3a6a835c97634867da49c81da300f3ffe350001702ba49aecec14127000927e00d4d754c54a8db82eeefedd14c99e1444c4705e209266d90003acb4f798c5150514a348b15719ddf33a7484b20262567ac708df5dfd39bfa6c48a35dab20c157521e9f891204a78223b7fb8d68a11b098927999a03ed2d07c6989f9fd8a57d57d5b55ea7b7b418f0e16e678e4a8380bf720cc8e3cdeb430fd9e8d80e3e62721ad0a3d43bfa041aa2e52787558fd2ea7c13f79fd0ebae28c7038672cda883c7e7de9c6daad1def752634ab820b8933116e21848c8ee11c007e3417184aee2c4ea22795673cd3b8656cb82469ba9275be8409fe6d36b85c4555625da083962c4700720409fa00d725f79b56c94c836117b6f5136a1a488f09e7391e0054ded7a6ee69ee95eff7b01598f6b203852c1e38214c02c6071a325787c430a4232322d3d63f8b55d452da4276764833f3772afa2a38a0b4bb8840aa4d5666b5844b1e6dce614099823ef1e14a7701e94add478d71ff00ae94ff00fe36e7ff0002ff00f36a9b638f91fc55b64fc229b751e921d854a6453ac262a5b3702082ae010594f313c80471abc5e6ab4af67bb7af7d1b145ab6b52948a4d800db01ad0c18861208811cc72540f3ae20d6dd53ac6e294d3a3b27c611802c91e08545ff00dd2563534cb0cb6bbad6079cfb47a9a99a9e9edf6e5ef70ca4f2d5195647e5882ca07c281e7e7515a9fabc2b28d8649e833e648a6f47d1b5a006ddda070a8a607f66507f5b675334a0c7a064df999ae1bbf43d66103721a0c806f583f3f530ff006e091e75d571da2899eee3918fb56bff0057b7a29fb2c946a53925433b7613cda54a3007c8c8fb6b8572f14c29cef53b4951ce22febf33aa3e87d0c51db1a0c41be6fb4605c22147c0000f1c7038d4100e759eebbb6bda16ca3a58509b0e8db86a6055ad6039149461672c1c868737127e0789e4a6de1541a4b656446eb7da7ca2aca781595ec8befadd3a5ee2eb055294c8ee753c8f8504ca37dc623e49c734c3c8514972531ae73cfe72a95b8da8021307d2bdafe9940bfcb324640755827fd2a0a9feaf1f074373b39b3e2412956f93f7ab2716b1650046e8af76fd1aa55553b8aaf8fa298b7b3e2f243077f1778e339663fe9fbc6c25e3262f06013d3fad6287deec2c96fa5727e8753dd857608c0dd556035be51870499c3440eee0817019c0965c9428ec106471f9ae76a2b989ef11e21e2df456ebd3e850ad32ca6232641fb104103f688f83c6adff004dc366131d4fe6abfab777fa0ad763d0502f75ea092453bbe804c80594cb1f93247ebc9b2bb3f0ea595a9324f13509c4ba9484831143d4e85505454572d484956783ed7caa81124ce0f813270030dfc1174a51b5081a7b67f7ca38d59ac4044aa3c475a21fa1ba4b6deb32d4feb0a55becc028cfc3660f8224161ac2a1910ddba9239c1fb450d6f29c3e3ae3b3f4fdcb7552559b95ed63feb660d71ff6fd79d2ede001f1bc4a95ccc0e5f3a0a2af124785b102bdafd26b82112ab3523c026db3fcd6c175f85181c710411e61e50096d7035399e87fae66a8db8d824a93274dd5ed7e8558230a7b81dc2190a9b18791171b4913dc263ee31ab270ca4a4a42d4641cccf5ca7d6a0bc0a81d902375a88ffa2fdcd9fb2dd8ce92de6d726f3c1cc37c1e073a330d869b4a06822a03c43bde8df353547d39bd446a54e9d045710ecacd2c3f2c926d53e555547ed8d169c4bf879495ed2a320623deff007d6bddafa1eb89277010b736976fd044a081ff0099f93aea2afb49055b5ddcf33f68a29bd1b580edde1c8821918a9fb105c83fb83ae9a11ed049b16c74314a1fd2dbda2f7a82f0654d361dbf71215bf6122091c635d4d271b87713b0e931c60c750269ff004debbbcc254d95476e2fb4a03fe6b96d1fa83fa0f1aeacf7d8652369b7011b8833edf8a237db8fe12202a21763db60f724c850b1733580ac0888066388510049a4c024c0a27a6749cad5aea86a5a02a05eca0326d41f3982d89b47031aee75d4e675d5d5e6babab55e5bf6ff0096a6bab6d40a919d66baa2b35d5d59aeaeacd757566babab35d5d59aeaeacd757566babab35d5d59aeaeacd757566babab35d5d59aeaeacd757566babab35d5d59aeaeacd757566babab35d522b353515a54f1fe61ff003d45756faeaeacd75757ffd9);
INSERT INTO `usuarios` (`ID`, `EMAIL`, `CLAVE`, `FECHA_ALTA`, `ESTADO`, `NIVEL`, `NOMBRE`, `FOTO`) VALUES
(2, 'scaravall30@gmail.com', '8cb2237d0679ca88db6464eac60da96345513964', '2020-08-12 10:11:54', 1, 'lector', 'Samir', NULL);

-- --------------------------------------------------------

--
-- Estructura de tabla para la tabla `ventas`
--

CREATE TABLE `ventas` (
  `ID` int(11) NOT NULL,
  `FECHA_VENTA` date NOT NULL,
  `TOTAL_ESPERADO` double NOT NULL,
  `TOTAL_REAL` double NOT NULL,
  `TOTAL_DIA` double NOT NULL,
  `CAJA_ANTERIOR` double NOT NULL,
  `INVERSIONES` double NOT NULL,
  `DEUDAS` double NOT NULL,
  `DEUDAS_CANCEL` int(11) NOT NULL,
  `ESTADO` tinyint(1) NOT NULL,
  `OBSERVACION` text DEFAULT NULL
) ENGINE=InnoDB DEFAULT CHARSET=utf8mb4;

--
-- Volcado de datos para la tabla `ventas`
--

INSERT INTO `ventas` (`ID`, `FECHA_VENTA`, `TOTAL_ESPERADO`, `TOTAL_REAL`, `TOTAL_DIA`, `CAJA_ANTERIOR`, `INVERSIONES`, `DEUDAS`, `DEUDAS_CANCEL`, `ESTADO`, `OBSERVACION`) VALUES
(21, '2020-08-20', 0, 26000, 1000, 25000, 0, 0, 0, 1, NULL),
(48, '2020-08-22', 47500, 49000, 16000, 26000, 500, 5000, 6000, 1, 'sin inversiones');

-- --------------------------------------------------------

--
-- Estructura de tabla para la tabla `ventas_recargas`
--

CREATE TABLE `ventas_recargas` (
  `ID` int(11) NOT NULL,
  `FECHA` date NOT NULL,
  `SALDO_DIA_ANTERIOR` double NOT NULL,
  `RECARGADO` double NOT NULL,
  `SALDO_HOY` double NOT NULL,
  `CAJA_ANTERIOR` double NOT NULL,
  `VENTAS_DIA` double NOT NULL,
  `DEUDAS` double NOT NULL,
  `DEUDAS_CANCEL` double NOT NULL,
  `INVERSIONES` double NOT NULL,
  `PERDIDAS` double NOT NULL,
  `TOTAL_ESPERADO` double NOT NULL,
  `TOTAL_REAL` double NOT NULL,
  `SALDO_CIERRE_ESP` double NOT NULL,
  `SALDO_CIERRE_REAL` double NOT NULL,
  `ESTADO` tinyint(4) NOT NULL,
  `OBSERVACION` text DEFAULT NULL
) ENGINE=InnoDB DEFAULT CHARSET=utf8mb4;

--
-- Volcado de datos para la tabla `ventas_recargas`
--

INSERT INTO `ventas_recargas` (`ID`, `FECHA`, `SALDO_DIA_ANTERIOR`, `RECARGADO`, `SALDO_HOY`, `CAJA_ANTERIOR`, `VENTAS_DIA`, `DEUDAS`, `DEUDAS_CANCEL`, `INVERSIONES`, `PERDIDAS`, `TOTAL_ESPERADO`, `TOTAL_REAL`, `SALDO_CIERRE_ESP`, `SALDO_CIERRE_REAL`, `ESTADO`, `OBSERVACION`) VALUES
(4, '2020-08-17', 77000, 0, 77000, 90600, 50000, 10000, 16000, 0, 0, 146600, 147400, 27000, 27000, 1, 'Inicio'),
(6, '2020-08-18', 27000, 168000, 195000, 147400, 21000, 5000, 36000, 164000, 0, 35400, 35400, 174000, 168000, 1, 'Registro 2'),
(7, '2020-08-19', 168000, 0, 168000, 35400, 27000, 5000, 15000, 0, 0, 72400, 72500, 141000, 143000, 1, ''),
(8, '2020-08-20', 143000, 0, 143000, 72500, 41000, 41000, 11000, 0, 20000, 63500, 65500, 102000, 113000, 1, 'Perdidas aproximadas de 20000'),
(9, '2020-08-21', 113000, 0, 113000, 65500, 39000, 12000, 15000, 0, 0, 107500, 107500, 74000, 75000, 1, ''),
(10, '2020-08-22', 75000, 0, 75000, 107500, 34000, 12000, 10000, 0, 0, 139500, 139500, 41000, 41000, 1, ''),
(11, '2020-08-23', 41000, 0, 41000, 139500, 41000, 20000, 18000, 0, 0, 178500, 178500, 0, 0, 1, ''),
(14, '2020-08-24', 0, 200000, 200000, 178500, 38000, 5000, 24000, 190000, 0, 45500, 45500, 162000, 0, 1, '190000 recarga de saldo');

--
-- Índices para tablas volcadas
--

--
-- Indices de la tabla `abonos`
--
ALTER TABLE `abonos`
  ADD PRIMARY KEY (`ID`),
  ADD KEY `FK_DEUDOR_INDEX` (`FK_DEUDOR`),
  ADD KEY `FK_SERVICIO` (`FK_SERVICIO`);

--
-- Indices de la tabla `detalle_deuda`
--
ALTER TABLE `detalle_deuda`
  ADD PRIMARY KEY (`ID`),
  ADD KEY `FK_VENTA_INDEX` (`FK_DEUDA`),
  ADD KEY `FK_SERVICIO_INDEX` (`FK_SERVICIO`);

--
-- Indices de la tabla `detalle_venta`
--
ALTER TABLE `detalle_venta`
  ADD PRIMARY KEY (`ID`),
  ADD KEY `FK_SERVICIO_INDEX` (`FK_SERVICIO`),
  ADD KEY `VENTA_INDEX` (`FK_VENTA`);

--
-- Indices de la tabla `deuda`
--
ALTER TABLE `deuda`
  ADD PRIMARY KEY (`ID`),
  ADD KEY `FK_DEUDOR_INDEX` (`FK_DEUDOR`);

--
-- Indices de la tabla `deudor`
--
ALTER TABLE `deudor`
  ADD PRIMARY KEY (`ID`);

--
-- Indices de la tabla `excedente`
--
ALTER TABLE `excedente`
  ADD PRIMARY KEY (`ID`);

--
-- Indices de la tabla `servicios`
--
ALTER TABLE `servicios`
  ADD PRIMARY KEY (`ID`),
  ADD UNIQUE KEY `SERVICIO_UNIQ` (`SERVICIO`);

--
-- Indices de la tabla `usuarios`
--
ALTER TABLE `usuarios`
  ADD PRIMARY KEY (`ID`);

--
-- Indices de la tabla `ventas`
--
ALTER TABLE `ventas`
  ADD PRIMARY KEY (`ID`),
  ADD UNIQUE KEY `FECHA_VENTA_UNIQ` (`FECHA_VENTA`);

--
-- Indices de la tabla `ventas_recargas`
--
ALTER TABLE `ventas_recargas`
  ADD PRIMARY KEY (`ID`);

--
-- AUTO_INCREMENT de las tablas volcadas
--

--
-- AUTO_INCREMENT de la tabla `abonos`
--
ALTER TABLE `abonos`
  MODIFY `ID` int(11) NOT NULL AUTO_INCREMENT, AUTO_INCREMENT=12;

--
-- AUTO_INCREMENT de la tabla `detalle_deuda`
--
ALTER TABLE `detalle_deuda`
  MODIFY `ID` int(11) NOT NULL AUTO_INCREMENT, AUTO_INCREMENT=68;

--
-- AUTO_INCREMENT de la tabla `detalle_venta`
--
ALTER TABLE `detalle_venta`
  MODIFY `ID` int(11) NOT NULL AUTO_INCREMENT, AUTO_INCREMENT=82;

--
-- AUTO_INCREMENT de la tabla `deuda`
--
ALTER TABLE `deuda`
  MODIFY `ID` int(11) NOT NULL AUTO_INCREMENT, AUTO_INCREMENT=32;

--
-- AUTO_INCREMENT de la tabla `deudor`
--
ALTER TABLE `deudor`
  MODIFY `ID` int(11) NOT NULL AUTO_INCREMENT, AUTO_INCREMENT=16;

--
-- AUTO_INCREMENT de la tabla `excedente`
--
ALTER TABLE `excedente`
  MODIFY `ID` int(11) NOT NULL AUTO_INCREMENT, AUTO_INCREMENT=10;

--
-- AUTO_INCREMENT de la tabla `servicios`
--
ALTER TABLE `servicios`
  MODIFY `ID` int(11) NOT NULL AUTO_INCREMENT, AUTO_INCREMENT=26;

--
-- AUTO_INCREMENT de la tabla `usuarios`
--
ALTER TABLE `usuarios`
  MODIFY `ID` int(11) NOT NULL AUTO_INCREMENT, AUTO_INCREMENT=3;

--
-- AUTO_INCREMENT de la tabla `ventas`
--
ALTER TABLE `ventas`
  MODIFY `ID` int(11) NOT NULL AUTO_INCREMENT, AUTO_INCREMENT=49;

--
-- AUTO_INCREMENT de la tabla `ventas_recargas`
--
ALTER TABLE `ventas_recargas`
  MODIFY `ID` int(11) NOT NULL AUTO_INCREMENT, AUTO_INCREMENT=16;

--
-- Restricciones para tablas volcadas
--

--
-- Filtros para la tabla `abonos`
--
ALTER TABLE `abonos`
  ADD CONSTRAINT `abonos_ibfk_1` FOREIGN KEY (`FK_DEUDOR`) REFERENCES `deudor` (`ID`) ON DELETE CASCADE ON UPDATE CASCADE,
  ADD CONSTRAINT `abonos_ibfk_2` FOREIGN KEY (`FK_SERVICIO`) REFERENCES `servicios` (`ID`) ON DELETE SET NULL ON UPDATE CASCADE;

--
-- Filtros para la tabla `detalle_deuda`
--
ALTER TABLE `detalle_deuda`
  ADD CONSTRAINT `detalle_deuda_ibfk_1` FOREIGN KEY (`FK_DEUDA`) REFERENCES `deuda` (`ID`) ON DELETE CASCADE ON UPDATE CASCADE,
  ADD CONSTRAINT `detalle_deuda_ibfk_2` FOREIGN KEY (`FK_SERVICIO`) REFERENCES `servicios` (`ID`);

--
-- Filtros para la tabla `detalle_venta`
--
ALTER TABLE `detalle_venta`
  ADD CONSTRAINT `detalle_venta_ibfk_3` FOREIGN KEY (`FK_SERVICIO`) REFERENCES `servicios` (`ID`) ON DELETE SET NULL ON UPDATE SET NULL,
  ADD CONSTRAINT `detalle_venta_ibfk_4` FOREIGN KEY (`FK_VENTA`) REFERENCES `ventas` (`ID`) ON DELETE CASCADE ON UPDATE CASCADE;

--
-- Filtros para la tabla `deuda`
--
ALTER TABLE `deuda`
  ADD CONSTRAINT `deuda_ibfk_1` FOREIGN KEY (`FK_DEUDOR`) REFERENCES `deudor` (`ID`) ON DELETE CASCADE ON UPDATE CASCADE;
COMMIT;

/*!40101 SET CHARACTER_SET_CLIENT=@OLD_CHARACTER_SET_CLIENT */;
/*!40101 SET CHARACTER_SET_RESULTS=@OLD_CHARACTER_SET_RESULTS */;
/*!40101 SET COLLATION_CONNECTION=@OLD_COLLATION_CONNECTION */;
